proteome_id	length	proteome_size	proteome_size_unique	protein_clusters	index
MGV-GENOME-0168725	23017	31	31	MGV-GENOME-0230591_CDS_0008;TemPhD_cluster_52209_CDS_0016;TemPhD_cluster_38170_CDS_0040;TemPhD_cluster_62958_CDS_0019;TemPhD_cluster_33805_CDS_0023;TemPhD_cluster_37938_CDS_0036;TemPhD_cluster_37904_CDS_0014;TemPhD_cluster_51656_CDS_0040;TemPhD_cluster_52222_CDS_0022;SAMN09781779_a1_ct39878_CDS_0016;NC_022750.1_CDS_0017;TemPhD_cluster_38170_CDS_0007;TemPhD_cluster_28372_CDS_0021;TemPhD_cluster_51656_CDS_0036;TemPhD_cluster_63057_CDS_0001;TemPhD_cluster_28372_CDS_0009;TemPhD_cluster_52382_CDS_0008;MGV-GENOME-0232811_CDS_0011;TemPhD_cluster_52091_CDS_0005;NC_049457.1_CDS_0018;MGV-GENOME-0168725_CDS_0023;uvig_315197_CDS_0035;MGV-GENOME-0227212_CDS_0019;TemPhD_cluster_52275_CDS_0017;TemPhD_cluster_52018_CDS_0020;MGV-GENOME-0230591_CDS_0040;MGV-GENOME-0205381_CDS_0035;TemPhD_cluster_52382_CDS_0007;NC_049457.1_CDS_0014;TemPhD_cluster_51932_CDS_0036;TemPhD_cluster_63155_CDS_0002	0
MGV-GENOME-0171006	23340	31	31	MGV-GENOME-0230591_CDS_0008;TemPhD_cluster_9963_CDS_0003;TemPhD_cluster_52209_CDS_0016;TemPhD_cluster_38170_CDS_0040;TemPhD_cluster_62958_CDS_0019;TemPhD_cluster_33805_CDS_0023;TemPhD_cluster_37938_CDS_0036;TemPhD_cluster_37904_CDS_0014;TemPhD_cluster_51656_CDS_0040;TemPhD_cluster_52222_CDS_0022;TemPhD_cluster_9963_CDS_0004;SAMN09781779_a1_ct39878_CDS_0016;NC_022750.1_CDS_0017;TemPhD_cluster_38170_CDS_0007;TemPhD_cluster_28372_CDS_0021;TemPhD_cluster_51656_CDS_0036;TemPhD_cluster_63057_CDS_0001;TemPhD_cluster_28372_CDS_0009;TemPhD_cluster_52382_CDS_0008;MGV-GENOME-0232811_CDS_0011;TemPhD_cluster_52155_CDS_0034;TemPhD_cluster_52091_CDS_0005;NC_049457.1_CDS_0018;uvig_315197_CDS_0035;MGV-GENOME-0227212_CDS_0019;TemPhD_cluster_52275_CDS_0017;TemPhD_cluster_52018_CDS_0020;MGV-GENOME-0230591_CDS_0040;MGV-GENOME-0205381_CDS_0035;TemPhD_cluster_52382_CDS_0007;NC_049457.1_CDS_0014	1
MGV-GENOME-0205381	28944	37	37	MGV-GENOME-0230591_CDS_0008;TemPhD_cluster_52209_CDS_0016;TemPhD_cluster_38170_CDS_0040;TemPhD_cluster_62958_CDS_0019;TemPhD_cluster_33805_CDS_0023;TemPhD_cluster_37938_CDS_0036;TemPhD_cluster_37904_CDS_0014;TemPhD_cluster_51656_CDS_0040;TemPhD_cluster_52222_CDS_0022;TemPhD_cluster_33807_CDS_0027;SAMN09781779_a1_ct39878_CDS_0016;NC_022750.1_CDS_0017;TemPhD_cluster_38170_CDS_0007;TemPhD_cluster_28372_CDS_0021;MGV-GENOME-0205381_CDS_0002;TemPhD_cluster_51656_CDS_0036;TemPhD_cluster_63057_CDS_0001;TemPhD_cluster_28372_CDS_0009;TemPhD_cluster_52382_CDS_0008;TemPhD_cluster_62972_CDS_0030;MGV-GENOME-0232811_CDS_0011;TemPhD_cluster_52155_CDS_0034;TemPhD_cluster_52091_CDS_0005;NC_049457.1_CDS_0018;MGV-GENOME-0205381_CDS_0028;TemPhD_cluster_63038_CDS_0027;MGV-GENOME-0205381_CDS_0024;uvig_315197_CDS_0035;MGV-GENOME-0227212_CDS_0019;TemPhD_cluster_52275_CDS_0017;TemPhD_cluster_52018_CDS_0020;MGV-GENOME-0205381_CDS_0003;MGV-GENOME-0230591_CDS_0040;MGV-GENOME-0205381_CDS_0035;TemPhD_cluster_52382_CDS_0007;NC_049457.1_CDS_0014;TemPhD_cluster_51932_CDS_0036	2
TemPhD_cluster_15215	30712	37	37	MGV-GENOME-0230591_CDS_0008;TemPhD_cluster_38170_CDS_0040;TemPhD_cluster_62958_CDS_0019;TemPhD_cluster_37938_CDS_0036;TemPhD_cluster_37904_CDS_0014;TemPhD_cluster_9973_CDS_0030;TemPhD_cluster_51656_CDS_0040;TemPhD_cluster_52222_CDS_0022;TemPhD_cluster_33807_CDS_0027;SAMN09781779_a1_ct39878_CDS_0016;NC_022750.1_CDS_0017;TemPhD_cluster_38170_CDS_0007;TemPhD_cluster_28372_CDS_0021;TemPhD_cluster_51656_CDS_0036;TemPhD_cluster_63057_CDS_0001;TemPhD_cluster_28372_CDS_0009;TemPhD_cluster_52382_CDS_0008;TemPhD_cluster_62972_CDS_0030;MGV-GENOME-0232811_CDS_0011;TemPhD_cluster_52155_CDS_0034;TemPhD_cluster_52091_CDS_0005;NC_049457.1_CDS_0018;TemPhD_cluster_52379_CDS_0032;TemPhD_cluster_63038_CDS_0027;TemPhD_cluster_15215_CDS_0021;uvig_315197_CDS_0035;TemPhD_cluster_62958_CDS_0025;MGV-GENOME-0227212_CDS_0019;TemPhD_cluster_52275_CDS_0017;TemPhD_cluster_52275_CDS_0031;TemPhD_cluster_52018_CDS_0020;MGV-GENOME-0230591_CDS_0040;MGV-GENOME-0205381_CDS_0035;TemPhD_cluster_52382_CDS_0007;NC_049457.1_CDS_0014;TemPhD_cluster_33809_CDS_0030;TemPhD_cluster_63155_CDS_0002	3
TemPhD_cluster_38311	29345	37	37	MGV-GENOME-0230591_CDS_0008;TemPhD_cluster_38170_CDS_0040;TemPhD_cluster_62958_CDS_0019;TemPhD_cluster_37938_CDS_0036;TemPhD_cluster_37904_CDS_0014;TemPhD_cluster_9973_CDS_0030;TemPhD_cluster_51656_CDS_0040;TemPhD_cluster_33807_CDS_0027;SAMN09781779_a1_ct39878_CDS_0016;TemPhD_cluster_38311_CDS_0020;NC_022750.1_CDS_0017;TemPhD_cluster_38170_CDS_0007;TemPhD_cluster_28372_CDS_0021;TemPhD_cluster_51656_CDS_0036;TemPhD_cluster_63057_CDS_0001;TemPhD_cluster_28372_CDS_0009;TemPhD_cluster_52382_CDS_0008;TemPhD_cluster_62972_CDS_0030;MGV-GENOME-0232811_CDS_0011;TemPhD_cluster_52155_CDS_0034;TemPhD_cluster_52091_CDS_0005;NC_049457.1_CDS_0018;TemPhD_cluster_52155_CDS_0033;TemPhD_cluster_52379_CDS_0032;TemPhD_cluster_63038_CDS_0027;TemPhD_cluster_15215_CDS_0021;uvig_315197_CDS_0035;MGV-GENOME-0227212_CDS_0019;TemPhD_cluster_52275_CDS_0017;TemPhD_cluster_52275_CDS_0031;TemPhD_cluster_52018_CDS_0020;MGV-GENOME-0230591_CDS_0040;MGV-GENOME-0205381_CDS_0035;TemPhD_cluster_52382_CDS_0007;NC_049457.1_CDS_0014;TemPhD_cluster_33809_CDS_0030;TemPhD_cluster_63155_CDS_0002	4
MGV-GENOME-0227212	32784	38	38	MGV-GENOME-0230591_CDS_0008;TemPhD_cluster_52209_CDS_0016;TemPhD_cluster_38170_CDS_0040;TemPhD_cluster_62958_CDS_0019;TemPhD_cluster_33805_CDS_0023;TemPhD_cluster_37938_CDS_0036;TemPhD_cluster_37904_CDS_0014;TemPhD_cluster_9973_CDS_0030;TemPhD_cluster_51656_CDS_0040;TemPhD_cluster_52222_CDS_0022;TemPhD_cluster_33807_CDS_0027;SAMN09781779_a1_ct39878_CDS_0016;NC_022750.1_CDS_0017;TemPhD_cluster_38170_CDS_0007;TemPhD_cluster_28372_CDS_0021;TemPhD_cluster_51656_CDS_0036;TemPhD_cluster_63057_CDS_0001;TemPhD_cluster_28372_CDS_0009;TemPhD_cluster_52382_CDS_0008;TemPhD_cluster_62972_CDS_0030;MGV-GENOME-0232811_CDS_0011;TemPhD_cluster_52155_CDS_0034;TemPhD_cluster_52091_CDS_0005;NC_049457.1_CDS_0018;TemPhD_cluster_52379_CDS_0032;MGV-GENOME-0227212_CDS_0023;TemPhD_cluster_63038_CDS_0027;MGV-GENOME-0205381_CDS_0024;uvig_315197_CDS_0035;MGV-GENOME-0227212_CDS_0019;TemPhD_cluster_52275_CDS_0017;TemPhD_cluster_52275_CDS_0031;TemPhD_cluster_52018_CDS_0020;MGV-GENOME-0230591_CDS_0040;MGV-GENOME-0205381_CDS_0035;TemPhD_cluster_52382_CDS_0007;NC_049457.1_CDS_0014;TemPhD_cluster_33809_CDS_0030	5
TemPhD_cluster_28453	30297	39	39	MGV-GENOME-0230591_CDS_0008;TemPhD_cluster_52209_CDS_0016;TemPhD_cluster_38170_CDS_0040;TemPhD_cluster_62958_CDS_0019;TemPhD_cluster_33805_CDS_0023;TemPhD_cluster_37938_CDS_0036;TemPhD_cluster_37904_CDS_0014;TemPhD_cluster_9973_CDS_0030;TemPhD_cluster_51656_CDS_0040;TemPhD_cluster_52222_CDS_0022;TemPhD_cluster_33807_CDS_0027;SAMN09781779_a1_ct39878_CDS_0016;NC_022750.1_CDS_0017;TemPhD_cluster_38170_CDS_0007;TemPhD_cluster_28372_CDS_0021;TemPhD_cluster_51656_CDS_0036;TemPhD_cluster_63057_CDS_0001;TemPhD_cluster_28372_CDS_0009;TemPhD_cluster_52382_CDS_0008;TemPhD_cluster_62972_CDS_0030;MGV-GENOME-0232811_CDS_0011;TemPhD_cluster_52155_CDS_0034;TemPhD_cluster_52091_CDS_0005;NC_049457.1_CDS_0018;NC_049457.1_CDS_0029;TemPhD_cluster_28453_CDS_0003;TemPhD_cluster_52379_CDS_0032;TemPhD_cluster_63038_CDS_0027;uvig_315197_CDS_0035;MGV-GENOME-0227212_CDS_0019;TemPhD_cluster_52275_CDS_0017;TemPhD_cluster_52275_CDS_0031;TemPhD_cluster_52018_CDS_0020;MGV-GENOME-0230591_CDS_0040;MGV-GENOME-0205381_CDS_0035;TemPhD_cluster_28453_CDS_0002;TemPhD_cluster_52382_CDS_0007;NC_049457.1_CDS_0014;TemPhD_cluster_33809_CDS_0030	6
NC_055846.1	31096	39	39	MGV-GENOME-0230591_CDS_0008;TemPhD_cluster_52209_CDS_0016;TemPhD_cluster_37825_CDS_0002;TemPhD_cluster_38170_CDS_0040;TemPhD_cluster_62958_CDS_0019;TemPhD_cluster_33805_CDS_0023;TemPhD_cluster_37938_CDS_0036;TemPhD_cluster_37904_CDS_0014;TemPhD_cluster_9973_CDS_0030;TemPhD_cluster_51656_CDS_0040;TemPhD_cluster_52222_CDS_0022;TemPhD_cluster_33807_CDS_0027;SAMN09781779_a1_ct39878_CDS_0016;NC_022750.1_CDS_0017;TemPhD_cluster_38170_CDS_0007;NC_055844.1_CDS_0024;TemPhD_cluster_28372_CDS_0021;TemPhD_cluster_51656_CDS_0036;TemPhD_cluster_63057_CDS_0001;TemPhD_cluster_28372_CDS_0009;TemPhD_cluster_52382_CDS_0008;TemPhD_cluster_62972_CDS_0030;MGV-GENOME-0232811_CDS_0011;TemPhD_cluster_52155_CDS_0034;TemPhD_cluster_52091_CDS_0005;NC_049457.1_CDS_0018;TemPhD_cluster_52379_CDS_0032;TemPhD_cluster_63038_CDS_0027;TemPhD_cluster_33809_CDS_0004;uvig_315197_CDS_0035;MGV-GENOME-0227212_CDS_0019;TemPhD_cluster_52275_CDS_0017;TemPhD_cluster_52275_CDS_0031;TemPhD_cluster_52018_CDS_0020;MGV-GENOME-0230591_CDS_0040;MGV-GENOME-0205381_CDS_0035;TemPhD_cluster_52382_CDS_0007;NC_049457.1_CDS_0014;TemPhD_cluster_33809_CDS_0030	7
NC_004745.1	30728	39	39	MGV-GENOME-0230591_CDS_0008;TemPhD_cluster_52209_CDS_0016;TemPhD_cluster_37825_CDS_0002;TemPhD_cluster_38170_CDS_0040;TemPhD_cluster_62958_CDS_0019;TemPhD_cluster_33805_CDS_0023;TemPhD_cluster_37938_CDS_0036;TemPhD_cluster_37904_CDS_0014;TemPhD_cluster_9973_CDS_0030;TemPhD_cluster_51656_CDS_0040;TemPhD_cluster_52222_CDS_0022;TemPhD_cluster_33807_CDS_0027;SAMN09781779_a1_ct39878_CDS_0016;NC_022750.1_CDS_0017;TemPhD_cluster_38170_CDS_0007;TemPhD_cluster_28372_CDS_0021;TemPhD_cluster_51656_CDS_0036;TemPhD_cluster_63057_CDS_0001;NC_004745.1_CDS_0024;TemPhD_cluster_37904_CDS_0005;TemPhD_cluster_28372_CDS_0009;TemPhD_cluster_52382_CDS_0008;TemPhD_cluster_62972_CDS_0030;MGV-GENOME-0232811_CDS_0011;TemPhD_cluster_52155_CDS_0034;TemPhD_cluster_52091_CDS_0005;NC_049457.1_CDS_0018;TemPhD_cluster_52379_CDS_0032;TemPhD_cluster_63038_CDS_0027;uvig_315197_CDS_0035;MGV-GENOME-0227212_CDS_0019;TemPhD_cluster_52275_CDS_0017;TemPhD_cluster_52275_CDS_0031;TemPhD_cluster_52018_CDS_0020;MGV-GENOME-0230591_CDS_0040;MGV-GENOME-0205381_CDS_0035;TemPhD_cluster_52382_CDS_0007;NC_049457.1_CDS_0014;TemPhD_cluster_33809_CDS_0030	8
TemPhD_cluster_52275	31114	39	39	MGV-GENOME-0230591_CDS_0008;TemPhD_cluster_52209_CDS_0016;TemPhD_cluster_38170_CDS_0040;TemPhD_cluster_62958_CDS_0019;TemPhD_cluster_33805_CDS_0023;TemPhD_cluster_37938_CDS_0036;TemPhD_cluster_37904_CDS_0014;TemPhD_cluster_9973_CDS_0030;TemPhD_cluster_51656_CDS_0040;TemPhD_cluster_52222_CDS_0022;TemPhD_cluster_33807_CDS_0027;SAMN09781779_a1_ct39878_CDS_0016;NC_022750.1_CDS_0017;TemPhD_cluster_38170_CDS_0007;TemPhD_cluster_28372_CDS_0021;TemPhD_cluster_51656_CDS_0036;TemPhD_cluster_52275_CDS_0024;TemPhD_cluster_52275_CDS_0003;TemPhD_cluster_63057_CDS_0001;TemPhD_cluster_28372_CDS_0009;TemPhD_cluster_52382_CDS_0008;TemPhD_cluster_62972_CDS_0030;MGV-GENOME-0232811_CDS_0011;TemPhD_cluster_52275_CDS_0004;TemPhD_cluster_52155_CDS_0034;NC_049457.1_CDS_0018;TemPhD_cluster_52275_CDS_0002;TemPhD_cluster_52379_CDS_0032;TemPhD_cluster_63038_CDS_0027;uvig_315197_CDS_0035;MGV-GENOME-0227212_CDS_0019;TemPhD_cluster_52275_CDS_0017;TemPhD_cluster_52275_CDS_0031;TemPhD_cluster_52018_CDS_0020;MGV-GENOME-0230591_CDS_0040;MGV-GENOME-0205381_CDS_0035;TemPhD_cluster_52382_CDS_0007;NC_049457.1_CDS_0014;TemPhD_cluster_33809_CDS_0030	9
TemPhD_cluster_52349	30839	39	39	MGV-GENOME-0230591_CDS_0008;TemPhD_cluster_52209_CDS_0016;TemPhD_cluster_38170_CDS_0040;TemPhD_cluster_62958_CDS_0019;TemPhD_cluster_33805_CDS_0023;TemPhD_cluster_37938_CDS_0036;TemPhD_cluster_37904_CDS_0014;TemPhD_cluster_9973_CDS_0030;TemPhD_cluster_51656_CDS_0040;TemPhD_cluster_52222_CDS_0022;TemPhD_cluster_33807_CDS_0027;SAMN09781779_a1_ct39878_CDS_0016;NC_022750.1_CDS_0017;TemPhD_cluster_38170_CDS_0007;TemPhD_cluster_28372_CDS_0021;TemPhD_cluster_51656_CDS_0036;TemPhD_cluster_52275_CDS_0024;TemPhD_cluster_63057_CDS_0001;TemPhD_cluster_28372_CDS_0009;TemPhD_cluster_52382_CDS_0008;TemPhD_cluster_62972_CDS_0030;MGV-GENOME-0232811_CDS_0011;TemPhD_cluster_52155_CDS_0034;TemPhD_cluster_52091_CDS_0005;NC_049457.1_CDS_0018;TemPhD_cluster_52379_CDS_0032;TemPhD_cluster_63038_CDS_0027;uvig_315197_CDS_0035;MGV-GENOME-0227212_CDS_0019;TemPhD_cluster_52275_CDS_0017;TemPhD_cluster_52275_CDS_0031;TemPhD_cluster_52018_CDS_0020;MGV-GENOME-0230591_CDS_0040;MGV-GENOME-0205381_CDS_0035;TemPhD_cluster_52382_CDS_0007;NC_049457.1_CDS_0014;TemPhD_cluster_63155_CDS_0031;TemPhD_cluster_33809_CDS_0030;TemPhD_cluster_63155_CDS_0002	10
TemPhD_cluster_33809	31021	39	39	MGV-GENOME-0230591_CDS_0008;TemPhD_cluster_52209_CDS_0016;TemPhD_cluster_37825_CDS_0002;TemPhD_cluster_38170_CDS_0040;TemPhD_cluster_62958_CDS_0019;TemPhD_cluster_37938_CDS_0036;TemPhD_cluster_37904_CDS_0014;TemPhD_cluster_9973_CDS_0030;TemPhD_cluster_51656_CDS_0040;TemPhD_cluster_52222_CDS_0022;TemPhD_cluster_33807_CDS_0027;SAMN09781779_a1_ct39878_CDS_0016;NC_022750.1_CDS_0017;TemPhD_cluster_38170_CDS_0007;NC_055844.1_CDS_0024;TemPhD_cluster_28372_CDS_0021;TemPhD_cluster_51656_CDS_0036;TemPhD_cluster_63057_CDS_0001;TemPhD_cluster_52382_CDS_0008;TemPhD_cluster_28372_CDS_0009;TemPhD_cluster_62972_CDS_0030;MGV-GENOME-0232811_CDS_0011;TemPhD_cluster_52155_CDS_0034;TemPhD_cluster_52091_CDS_0005;NC_049457.1_CDS_0018;TemPhD_cluster_52379_CDS_0032;TemPhD_cluster_63038_CDS_0027;TemPhD_cluster_33809_CDS_0004;TemPhD_cluster_15215_CDS_0021;uvig_315197_CDS_0035;MGV-GENOME-0227212_CDS_0019;TemPhD_cluster_52275_CDS_0017;TemPhD_cluster_52275_CDS_0031;TemPhD_cluster_52018_CDS_0020;TemPhD_cluster_33809_CDS_0037;TemPhD_cluster_52382_CDS_0007;NC_049457.1_CDS_0014;TemPhD_cluster_33809_CDS_0030;MGV-GENOME-0230157_CDS_0003	11
MGV-GENOME-0216186	27878	39	39	MGV-GENOME-0230591_CDS_0008;TemPhD_cluster_52209_CDS_0016;MGV-GENOME-0216186_CDS_0002;TemPhD_cluster_28392_CDS_0005;TemPhD_cluster_38170_CDS_0040;TemPhD_cluster_62958_CDS_0019;TemPhD_cluster_33805_CDS_0023;TemPhD_cluster_37938_CDS_0036;TemPhD_cluster_37904_CDS_0014;TemPhD_cluster_51656_CDS_0040;TemPhD_cluster_52222_CDS_0022;TemPhD_cluster_33807_CDS_0027;SAMN09781779_a1_ct39878_CDS_0016;NC_022750.1_CDS_0017;TemPhD_cluster_38170_CDS_0007;TemPhD_cluster_28372_CDS_0021;MGV-GENOME-0216186_CDS_0006;TemPhD_cluster_51656_CDS_0036;MGV-GENOME-0216186_CDS_0005;TemPhD_cluster_63057_CDS_0001;TemPhD_cluster_28372_CDS_0009;TemPhD_cluster_52382_CDS_0008;TemPhD_cluster_62972_CDS_0030;MGV-GENOME-0232811_CDS_0011;TemPhD_cluster_52155_CDS_0034;TemPhD_cluster_52091_CDS_0005;NC_049457.1_CDS_0018;MGV-GENOME-0216186_CDS_0007;TemPhD_cluster_37844_CDS_0025;TemPhD_cluster_63038_CDS_0027;MGV-GENOME-0216186_CDS_0004;uvig_315197_CDS_0035;MGV-GENOME-0227212_CDS_0019;TemPhD_cluster_52275_CDS_0017;TemPhD_cluster_52018_CDS_0020;MGV-GENOME-0230591_CDS_0040;MGV-GENOME-0205381_CDS_0035;TemPhD_cluster_52382_CDS_0007;NC_049457.1_CDS_0014	12
TemPhD_cluster_52382	30677	39	39	MGV-GENOME-0230591_CDS_0008;TemPhD_cluster_52209_CDS_0016;TemPhD_cluster_38170_CDS_0040;TemPhD_cluster_62958_CDS_0019;TemPhD_cluster_33805_CDS_0023;TemPhD_cluster_37938_CDS_0036;TemPhD_cluster_37904_CDS_0014;TemPhD_cluster_9973_CDS_0030;TemPhD_cluster_51656_CDS_0040;TemPhD_cluster_33807_CDS_0027;SAMN09781779_a1_ct39878_CDS_0016;NC_022750.1_CDS_0017;TemPhD_cluster_38170_CDS_0007;TemPhD_cluster_28372_CDS_0021;TemPhD_cluster_51656_CDS_0036;TemPhD_cluster_63057_CDS_0001;TemPhD_cluster_33805_CDS_0024;TemPhD_cluster_28372_CDS_0009;TemPhD_cluster_52382_CDS_0008;TemPhD_cluster_62972_CDS_0030;MGV-GENOME-0232811_CDS_0011;TemPhD_cluster_52155_CDS_0034;TemPhD_cluster_52091_CDS_0005;NC_049457.1_CDS_0018;TemPhD_cluster_52379_CDS_0032;TemPhD_cluster_63038_CDS_0027;TemPhD_cluster_52382_CDS_0002;MGV-GENOME-0205381_CDS_0024;uvig_315197_CDS_0035;MGV-GENOME-0227212_CDS_0019;TemPhD_cluster_52275_CDS_0017;TemPhD_cluster_52275_CDS_0031;TemPhD_cluster_52018_CDS_0020;MGV-GENOME-0230591_CDS_0040;TemPhD_cluster_52382_CDS_0022;MGV-GENOME-0205381_CDS_0035;TemPhD_cluster_52382_CDS_0007;NC_049457.1_CDS_0014;TemPhD_cluster_33809_CDS_0030	13
TemPhD_cluster_33805	31070	40	40	MGV-GENOME-0230591_CDS_0008;TemPhD_cluster_52209_CDS_0016;TemPhD_cluster_38170_CDS_0040;TemPhD_cluster_62958_CDS_0019;TemPhD_cluster_33805_CDS_0023;TemPhD_cluster_37938_CDS_0036;TemPhD_cluster_37904_CDS_0014;TemPhD_cluster_9973_CDS_0030;TemPhD_cluster_51656_CDS_0040;TemPhD_cluster_52222_CDS_0022;TemPhD_cluster_33807_CDS_0027;SAMN09781779_a1_ct39878_CDS_0016;NC_022750.1_CDS_0017;TemPhD_cluster_38170_CDS_0007;TemPhD_cluster_28372_CDS_0021;TemPhD_cluster_51656_CDS_0036;TemPhD_cluster_63057_CDS_0001;TemPhD_cluster_33805_CDS_0024;TemPhD_cluster_28372_CDS_0009;TemPhD_cluster_52382_CDS_0008;TemPhD_cluster_62972_CDS_0030;MGV-GENOME-0232811_CDS_0011;TemPhD_cluster_52155_CDS_0034;TemPhD_cluster_52091_CDS_0005;NC_049457.1_CDS_0018;TemPhD_cluster_52112_CDS_0002;TemPhD_cluster_52112_CDS_0003;TemPhD_cluster_52379_CDS_0032;TemPhD_cluster_63038_CDS_0027;uvig_315197_CDS_0035;MGV-GENOME-0227212_CDS_0019;TemPhD_cluster_52275_CDS_0017;TemPhD_cluster_52275_CDS_0031;TemPhD_cluster_52018_CDS_0020;MGV-GENOME-0230591_CDS_0040;MGV-GENOME-0205381_CDS_0035;TemPhD_cluster_52382_CDS_0007;NC_049457.1_CDS_0014;TemPhD_cluster_51932_CDS_0036;TemPhD_cluster_33809_CDS_0030	14
TemPhD_cluster_63038	32347	40	40	MGV-GENOME-0230591_CDS_0008;TemPhD_cluster_52209_CDS_0016;TemPhD_cluster_38170_CDS_0040;TemPhD_cluster_62958_CDS_0019;TemPhD_cluster_33805_CDS_0023;TemPhD_cluster_37938_CDS_0036;TemPhD_cluster_37904_CDS_0014;TemPhD_cluster_9973_CDS_0030;TemPhD_cluster_51656_CDS_0040;TemPhD_cluster_52222_CDS_0022;TemPhD_cluster_33807_CDS_0027;SAMN09781779_a1_ct39878_CDS_0016;NC_022750.1_CDS_0017;TemPhD_cluster_38170_CDS_0007;TemPhD_cluster_28372_CDS_0021;TemPhD_cluster_51656_CDS_0036;TemPhD_cluster_63057_CDS_0001;TemPhD_cluster_28372_CDS_0009;TemPhD_cluster_52382_CDS_0008;TemPhD_cluster_62972_CDS_0030;MGV-GENOME-0232811_CDS_0011;TemPhD_cluster_52155_CDS_0034;TemPhD_cluster_52091_CDS_0005;NC_049457.1_CDS_0018;TemPhD_cluster_52112_CDS_0002;TemPhD_cluster_52112_CDS_0003;TemPhD_cluster_52379_CDS_0032;TemPhD_cluster_63038_CDS_0027;uvig_315197_CDS_0035;MGV-GENOME-0227212_CDS_0019;TemPhD_cluster_52275_CDS_0017;TemPhD_cluster_52275_CDS_0031;TemPhD_cluster_52018_CDS_0020;TemPhD_cluster_63038_CDS_0024;MGV-GENOME-0230591_CDS_0040;MGV-GENOME-0205381_CDS_0035;TemPhD_cluster_52382_CDS_0007;NC_049457.1_CDS_0014;TemPhD_cluster_63038_CDS_0032;TemPhD_cluster_33809_CDS_0030	15
MGV-GENOME-4406672	32480	40	40	MGV-GENOME-0230591_CDS_0008;TemPhD_cluster_52209_CDS_0016;TemPhD_cluster_38170_CDS_0040;TemPhD_cluster_62958_CDS_0019;TemPhD_cluster_33805_CDS_0023;TemPhD_cluster_37938_CDS_0036;TemPhD_cluster_37904_CDS_0014;TemPhD_cluster_9973_CDS_0030;TemPhD_cluster_51656_CDS_0040;TemPhD_cluster_52222_CDS_0022;TemPhD_cluster_33807_CDS_0027;SAMN09781779_a1_ct39878_CDS_0016;NC_022750.1_CDS_0017;TemPhD_cluster_38170_CDS_0007;TemPhD_cluster_28372_CDS_0021;TemPhD_cluster_51656_CDS_0036;TemPhD_cluster_63057_CDS_0001;TemPhD_cluster_33805_CDS_0024;TemPhD_cluster_28372_CDS_0009;TemPhD_cluster_52382_CDS_0008;TemPhD_cluster_62972_CDS_0030;MGV-GENOME-0232811_CDS_0011;TemPhD_cluster_52155_CDS_0034;TemPhD_cluster_52091_CDS_0005;NC_049457.1_CDS_0018;TemPhD_cluster_51932_CDS_0003;TemPhD_cluster_52379_CDS_0032;TemPhD_cluster_63038_CDS_0027;uvig_315197_CDS_0035;MGV-GENOME-0227212_CDS_0019;TemPhD_cluster_52275_CDS_0017;TemPhD_cluster_52275_CDS_0031;TemPhD_cluster_52018_CDS_0020;MGV-GENOME-0230591_CDS_0040;MGV-GENOME-0205381_CDS_0035;MGV-GENOME-0230157_CDS_0004;TemPhD_cluster_52382_CDS_0007;NC_049457.1_CDS_0014;TemPhD_cluster_51932_CDS_0036;TemPhD_cluster_33809_CDS_0030	16
TemPhD_cluster_9963	31137	40	40	MGV-GENOME-0230591_CDS_0008;TemPhD_cluster_9963_CDS_0003;TemPhD_cluster_52209_CDS_0016;TemPhD_cluster_37825_CDS_0002;TemPhD_cluster_38170_CDS_0040;TemPhD_cluster_62958_CDS_0019;TemPhD_cluster_33805_CDS_0023;TemPhD_cluster_37938_CDS_0036;TemPhD_cluster_37904_CDS_0014;TemPhD_cluster_9973_CDS_0030;TemPhD_cluster_51656_CDS_0040;TemPhD_cluster_52222_CDS_0022;TemPhD_cluster_9963_CDS_0004;TemPhD_cluster_33807_CDS_0027;SAMN09781779_a1_ct39878_CDS_0016;NC_022750.1_CDS_0017;TemPhD_cluster_38170_CDS_0007;TemPhD_cluster_9963_CDS_0025;TemPhD_cluster_28372_CDS_0021;TemPhD_cluster_51656_CDS_0036;TemPhD_cluster_63057_CDS_0001;TemPhD_cluster_28372_CDS_0009;TemPhD_cluster_52382_CDS_0008;TemPhD_cluster_62972_CDS_0030;MGV-GENOME-0232811_CDS_0011;TemPhD_cluster_52155_CDS_0034;TemPhD_cluster_52091_CDS_0005;NC_049457.1_CDS_0018;TemPhD_cluster_52379_CDS_0032;TemPhD_cluster_63038_CDS_0027;uvig_315197_CDS_0035;MGV-GENOME-0227212_CDS_0019;TemPhD_cluster_52275_CDS_0017;TemPhD_cluster_52275_CDS_0031;TemPhD_cluster_52018_CDS_0020;MGV-GENOME-0230591_CDS_0040;MGV-GENOME-0205381_CDS_0035;TemPhD_cluster_52382_CDS_0007;NC_049457.1_CDS_0014;TemPhD_cluster_33809_CDS_0030	17
TemPhD_cluster_63155	31842	40	40	MGV-GENOME-0230591_CDS_0008;TemPhD_cluster_52209_CDS_0016;TemPhD_cluster_38170_CDS_0040;TemPhD_cluster_62958_CDS_0019;TemPhD_cluster_37938_CDS_0036;TemPhD_cluster_37904_CDS_0014;TemPhD_cluster_9973_CDS_0030;TemPhD_cluster_51656_CDS_0040;TemPhD_cluster_52222_CDS_0022;TemPhD_cluster_33807_CDS_0027;SAMN09781779_a1_ct39878_CDS_0016;NC_022750.1_CDS_0017;TemPhD_cluster_38170_CDS_0007;TemPhD_cluster_23866_CDS_0023;TemPhD_cluster_28372_CDS_0021;TemPhD_cluster_51656_CDS_0036;TemPhD_cluster_63057_CDS_0001;TemPhD_cluster_28372_CDS_0009;TemPhD_cluster_52382_CDS_0008;TemPhD_cluster_62972_CDS_0030;TemPhD_cluster_63155_CDS_0026;MGV-GENOME-0232811_CDS_0011;TemPhD_cluster_52155_CDS_0034;TemPhD_cluster_52091_CDS_0005;NC_049457.1_CDS_0018;TemPhD_cluster_52379_CDS_0032;TemPhD_cluster_15215_CDS_0021;uvig_315197_CDS_0035;MGV-GENOME-0227212_CDS_0019;TemPhD_cluster_52275_CDS_0017;TemPhD_cluster_52275_CDS_0031;TemPhD_cluster_52018_CDS_0020;MGV-GENOME-0230591_CDS_0040;MGV-GENOME-0205381_CDS_0035;TemPhD_cluster_52382_CDS_0007;NC_049457.1_CDS_0014;TemPhD_cluster_51932_CDS_0036;TemPhD_cluster_63155_CDS_0031;TemPhD_cluster_33809_CDS_0030;TemPhD_cluster_63155_CDS_0002	18
TemPhD_cluster_9973	29832	40	40	MGV-GENOME-0230591_CDS_0008;TemPhD_cluster_52209_CDS_0016;TemPhD_cluster_37825_CDS_0002;TemPhD_cluster_38170_CDS_0040;TemPhD_cluster_62958_CDS_0019;TemPhD_cluster_9973_CDS_0004;TemPhD_cluster_37938_CDS_0036;TemPhD_cluster_37904_CDS_0014;TemPhD_cluster_9973_CDS_0030;TemPhD_cluster_51656_CDS_0040;TemPhD_cluster_33807_CDS_0027;SAMN09781779_a1_ct39878_CDS_0016;TemPhD_cluster_38311_CDS_0020;NC_022750.1_CDS_0017;TemPhD_cluster_38170_CDS_0007;TemPhD_cluster_28372_CDS_0021;TemPhD_cluster_51656_CDS_0036;TemPhD_cluster_63057_CDS_0001;TemPhD_cluster_52382_CDS_0008;TemPhD_cluster_28372_CDS_0009;TemPhD_cluster_62972_CDS_0030;MGV-GENOME-0232811_CDS_0011;TemPhD_cluster_52155_CDS_0034;TemPhD_cluster_52091_CDS_0005;NC_049457.1_CDS_0018;TemPhD_cluster_52155_CDS_0033;TemPhD_cluster_52379_CDS_0032;TemPhD_cluster_63038_CDS_0027;TemPhD_cluster_15215_CDS_0021;uvig_315197_CDS_0035;MGV-GENOME-0227212_CDS_0019;TemPhD_cluster_52275_CDS_0017;TemPhD_cluster_52275_CDS_0031;TemPhD_cluster_52018_CDS_0020;MGV-GENOME-0230591_CDS_0040;MGV-GENOME-0205381_CDS_0035;TemPhD_cluster_52382_CDS_0007;NC_049457.1_CDS_0014;TemPhD_cluster_33809_CDS_0030;MGV-GENOME-0230157_CDS_0003	19
TemPhD_cluster_52222	31329	40	40	MGV-GENOME-0230591_CDS_0008;TemPhD_cluster_52209_CDS_0016;TemPhD_cluster_38170_CDS_0040;TemPhD_cluster_62958_CDS_0019;TemPhD_cluster_33805_CDS_0023;TemPhD_cluster_52222_CDS_0002;TemPhD_cluster_37938_CDS_0036;TemPhD_cluster_37904_CDS_0014;TemPhD_cluster_9973_CDS_0030;TemPhD_cluster_51656_CDS_0040;TemPhD_cluster_52222_CDS_0022;TemPhD_cluster_33807_CDS_0027;SAMN09781779_a1_ct39878_CDS_0016;NC_022750.1_CDS_0017;TemPhD_cluster_38170_CDS_0007;TemPhD_cluster_28372_CDS_0021;TemPhD_cluster_51656_CDS_0036;TemPhD_cluster_52222_CDS_0024;TemPhD_cluster_63057_CDS_0001;TemPhD_cluster_28372_CDS_0009;TemPhD_cluster_52382_CDS_0008;TemPhD_cluster_62972_CDS_0030;TemPhD_cluster_52222_CDS_0003;MGV-GENOME-0232811_CDS_0011;TemPhD_cluster_52155_CDS_0034;TemPhD_cluster_52091_CDS_0005;NC_049457.1_CDS_0018;TemPhD_cluster_52379_CDS_0032;TemPhD_cluster_63038_CDS_0027;uvig_315197_CDS_0035;MGV-GENOME-0227212_CDS_0019;TemPhD_cluster_52275_CDS_0017;TemPhD_cluster_52275_CDS_0031;TemPhD_cluster_52018_CDS_0020;MGV-GENOME-0230591_CDS_0040;MGV-GENOME-0205381_CDS_0035;TemPhD_cluster_52382_CDS_0007;NC_049457.1_CDS_0014;TemPhD_cluster_51932_CDS_0036;TemPhD_cluster_33809_CDS_0030	20
TemPhD_cluster_23882	31444	40	40	MGV-GENOME-0230591_CDS_0008;TemPhD_cluster_52209_CDS_0016;TemPhD_cluster_38170_CDS_0040;TemPhD_cluster_62958_CDS_0019;TemPhD_cluster_33805_CDS_0023;TemPhD_cluster_37938_CDS_0036;TemPhD_cluster_37904_CDS_0014;TemPhD_cluster_9973_CDS_0030;TemPhD_cluster_51656_CDS_0040;TemPhD_cluster_52222_CDS_0022;TemPhD_cluster_33807_CDS_0027;SAMN09781779_a1_ct39878_CDS_0016;NC_022750.1_CDS_0017;TemPhD_cluster_38170_CDS_0007;TemPhD_cluster_28372_CDS_0021;TemPhD_cluster_51656_CDS_0036;TemPhD_cluster_63057_CDS_0001;TemPhD_cluster_33805_CDS_0024;TemPhD_cluster_62821_CDS_0004;TemPhD_cluster_28372_CDS_0009;TemPhD_cluster_52382_CDS_0008;TemPhD_cluster_62972_CDS_0030;MGV-GENOME-0232811_CDS_0011;TemPhD_cluster_52155_CDS_0034;TemPhD_cluster_52091_CDS_0005;NC_049457.1_CDS_0018;TemPhD_cluster_52262_CDS_0004;TemPhD_cluster_52379_CDS_0032;TemPhD_cluster_63038_CDS_0027;uvig_315197_CDS_0035;MGV-GENOME-0227212_CDS_0019;TemPhD_cluster_52275_CDS_0017;TemPhD_cluster_52275_CDS_0031;TemPhD_cluster_52018_CDS_0020;MGV-GENOME-0230591_CDS_0040;MGV-GENOME-0205381_CDS_0035;MGV-GENOME-0230157_CDS_0004;TemPhD_cluster_52382_CDS_0007;NC_049457.1_CDS_0014;TemPhD_cluster_33809_CDS_0030	21
TemPhD_cluster_62958	32659	40	40	MGV-GENOME-0230591_CDS_0008;TemPhD_cluster_52209_CDS_0016;TemPhD_cluster_38170_CDS_0040;TemPhD_cluster_62958_CDS_0019;TemPhD_cluster_37938_CDS_0036;TemPhD_cluster_37904_CDS_0014;TemPhD_cluster_9973_CDS_0030;TemPhD_cluster_51656_CDS_0040;TemPhD_cluster_52222_CDS_0022;TemPhD_cluster_33807_CDS_0027;SAMN09781779_a1_ct39878_CDS_0016;NC_022750.1_CDS_0017;TemPhD_cluster_38170_CDS_0007;TemPhD_cluster_28372_CDS_0021;TemPhD_cluster_51656_CDS_0036;TemPhD_cluster_63057_CDS_0001;TemPhD_cluster_37904_CDS_0005;TemPhD_cluster_28372_CDS_0009;TemPhD_cluster_52382_CDS_0008;TemPhD_cluster_62972_CDS_0030;MGV-GENOME-0232811_CDS_0011;TemPhD_cluster_52155_CDS_0034;TemPhD_cluster_52091_CDS_0005;NC_049457.1_CDS_0018;TemPhD_cluster_33725_CDS_0003;TemPhD_cluster_52379_CDS_0032;TemPhD_cluster_63038_CDS_0027;TemPhD_cluster_15215_CDS_0021;uvig_315197_CDS_0035;TemPhD_cluster_62958_CDS_0025;MGV-GENOME-0227212_CDS_0019;TemPhD_cluster_52275_CDS_0017;TemPhD_cluster_52275_CDS_0031;TemPhD_cluster_52018_CDS_0020;MGV-GENOME-0230591_CDS_0040;MGV-GENOME-0205381_CDS_0035;MGV-GENOME-0230157_CDS_0004;TemPhD_cluster_52382_CDS_0007;NC_049457.1_CDS_0014;TemPhD_cluster_33809_CDS_0030	22
TemPhD_cluster_33725	31968	40	40	MGV-GENOME-0230591_CDS_0008;TemPhD_cluster_52209_CDS_0016;TemPhD_cluster_38170_CDS_0040;TemPhD_cluster_62958_CDS_0019;TemPhD_cluster_33805_CDS_0023;TemPhD_cluster_37938_CDS_0036;TemPhD_cluster_37904_CDS_0014;TemPhD_cluster_9973_CDS_0030;TemPhD_cluster_51656_CDS_0040;TemPhD_cluster_52222_CDS_0022;TemPhD_cluster_33807_CDS_0027;SAMN09781779_a1_ct39878_CDS_0016;NC_022750.1_CDS_0017;TemPhD_cluster_38170_CDS_0007;TemPhD_cluster_28372_CDS_0021;TemPhD_cluster_51656_CDS_0036;TemPhD_cluster_63057_CDS_0001;TemPhD_cluster_37904_CDS_0005;TemPhD_cluster_28372_CDS_0009;TemPhD_cluster_52382_CDS_0008;TemPhD_cluster_62972_CDS_0030;MGV-GENOME-0232811_CDS_0011;TemPhD_cluster_52155_CDS_0034;TemPhD_cluster_52091_CDS_0005;NC_049457.1_CDS_0018;TemPhD_cluster_33725_CDS_0003;TemPhD_cluster_62953_CDS_0027;TemPhD_cluster_52379_CDS_0032;TemPhD_cluster_63038_CDS_0027;uvig_315197_CDS_0035;MGV-GENOME-0227212_CDS_0019;TemPhD_cluster_52275_CDS_0017;TemPhD_cluster_52275_CDS_0031;TemPhD_cluster_52018_CDS_0020;MGV-GENOME-0230591_CDS_0040;MGV-GENOME-0205381_CDS_0035;MGV-GENOME-0230157_CDS_0004;TemPhD_cluster_52382_CDS_0007;NC_049457.1_CDS_0014;TemPhD_cluster_33809_CDS_0030	23
TemPhD_cluster_23865	31840	40	40	MGV-GENOME-0230591_CDS_0008;TemPhD_cluster_52209_CDS_0016;TemPhD_cluster_38170_CDS_0040;TemPhD_cluster_62958_CDS_0019;TemPhD_cluster_33805_CDS_0023;TemPhD_cluster_37938_CDS_0036;TemPhD_cluster_37904_CDS_0014;TemPhD_cluster_9973_CDS_0030;TemPhD_cluster_51656_CDS_0040;TemPhD_cluster_52222_CDS_0022;TemPhD_cluster_33807_CDS_0027;SAMN09781779_a1_ct39878_CDS_0016;NC_022750.1_CDS_0017;TemPhD_cluster_38170_CDS_0007;TemPhD_cluster_28372_CDS_0021;TemPhD_cluster_51656_CDS_0036;TemPhD_cluster_63057_CDS_0001;TemPhD_cluster_33805_CDS_0024;TemPhD_cluster_28372_CDS_0009;TemPhD_cluster_52382_CDS_0008;TemPhD_cluster_62972_CDS_0030;MGV-GENOME-0232811_CDS_0011;TemPhD_cluster_52155_CDS_0034;TemPhD_cluster_52091_CDS_0005;NC_049457.1_CDS_0018;TemPhD_cluster_52112_CDS_0002;TemPhD_cluster_52112_CDS_0003;TemPhD_cluster_52379_CDS_0032;TemPhD_cluster_63038_CDS_0027;uvig_315197_CDS_0035;MGV-GENOME-0227212_CDS_0019;TemPhD_cluster_52275_CDS_0017;TemPhD_cluster_52275_CDS_0031;TemPhD_cluster_52018_CDS_0020;MGV-GENOME-0230591_CDS_0040;MGV-GENOME-0205381_CDS_0035;SAMN09781779_a1_ct39878_CDS_0021;TemPhD_cluster_52382_CDS_0007;NC_049457.1_CDS_0014;TemPhD_cluster_33809_CDS_0030	24
NC_055844.1	31809	40	40	MGV-GENOME-0230591_CDS_0008;TemPhD_cluster_52209_CDS_0016;TemPhD_cluster_38170_CDS_0040;TemPhD_cluster_62958_CDS_0019;TemPhD_cluster_33805_CDS_0023;TemPhD_cluster_37938_CDS_0036;TemPhD_cluster_37904_CDS_0014;TemPhD_cluster_9973_CDS_0030;TemPhD_cluster_51656_CDS_0040;TemPhD_cluster_52222_CDS_0022;TemPhD_cluster_33807_CDS_0027;SAMN09781779_a1_ct39878_CDS_0016;NC_022750.1_CDS_0017;TemPhD_cluster_38170_CDS_0007;NC_055844.1_CDS_0024;TemPhD_cluster_28372_CDS_0021;TemPhD_cluster_51656_CDS_0036;TemPhD_cluster_63057_CDS_0001;TemPhD_cluster_52155_CDS_0002;TemPhD_cluster_52382_CDS_0008;TemPhD_cluster_28372_CDS_0009;TemPhD_cluster_62972_CDS_0030;MGV-GENOME-0232811_CDS_0011;TemPhD_cluster_52155_CDS_0034;TemPhD_cluster_52091_CDS_0005;NC_049457.1_CDS_0018;TemPhD_cluster_52155_CDS_0033;TemPhD_cluster_52379_CDS_0032;TemPhD_cluster_63038_CDS_0027;TemPhD_cluster_52155_CDS_0003;uvig_315197_CDS_0035;MGV-GENOME-0227212_CDS_0019;TemPhD_cluster_52275_CDS_0017;TemPhD_cluster_52275_CDS_0031;TemPhD_cluster_52018_CDS_0020;MGV-GENOME-0230591_CDS_0040;MGV-GENOME-0205381_CDS_0035;TemPhD_cluster_52382_CDS_0007;NC_049457.1_CDS_0014;TemPhD_cluster_33809_CDS_0030	25
TemPhD_cluster_20023	31464	40	40	MGV-GENOME-0230591_CDS_0008;TemPhD_cluster_52209_CDS_0016;TemPhD_cluster_38170_CDS_0040;TemPhD_cluster_62958_CDS_0019;TemPhD_cluster_33805_CDS_0023;TemPhD_cluster_37938_CDS_0036;TemPhD_cluster_37904_CDS_0014;TemPhD_cluster_9973_CDS_0030;TemPhD_cluster_51656_CDS_0040;TemPhD_cluster_52222_CDS_0022;TemPhD_cluster_33807_CDS_0027;SAMN09781779_a1_ct39878_CDS_0016;NC_022750.1_CDS_0017;TemPhD_cluster_38170_CDS_0007;TemPhD_cluster_28372_CDS_0021;TemPhD_cluster_51656_CDS_0036;TemPhD_cluster_63057_CDS_0001;TemPhD_cluster_28372_CDS_0009;TemPhD_cluster_52382_CDS_0008;TemPhD_cluster_62972_CDS_0030;MGV-GENOME-0232811_CDS_0011;TemPhD_cluster_52155_CDS_0034;TemPhD_cluster_52091_CDS_0005;NC_049457.1_CDS_0018;NC_022750.1_CDS_0025;TemPhD_cluster_52379_CDS_0032;TemPhD_cluster_63038_CDS_0027;NC_022750.1_CDS_0004;NC_022750.1_CDS_0002;uvig_315197_CDS_0035;MGV-GENOME-0227212_CDS_0019;TemPhD_cluster_52275_CDS_0017;TemPhD_cluster_52018_CDS_0020;MGV-GENOME-0230591_CDS_0040;MGV-GENOME-0205381_CDS_0035;NC_022750.1_CDS_0003;TemPhD_cluster_52382_CDS_0007;NC_049457.1_CDS_0014;TemPhD_cluster_51932_CDS_0036;TemPhD_cluster_33809_CDS_0030	26
TemPhD_cluster_63057	32277	40	40	MGV-GENOME-0230591_CDS_0008;TemPhD_cluster_52209_CDS_0016;TemPhD_cluster_38170_CDS_0040;TemPhD_cluster_62958_CDS_0019;TemPhD_cluster_33805_CDS_0023;TemPhD_cluster_37938_CDS_0036;TemPhD_cluster_63057_CDS_0025;TemPhD_cluster_37904_CDS_0014;TemPhD_cluster_9973_CDS_0030;TemPhD_cluster_51656_CDS_0040;TemPhD_cluster_52222_CDS_0022;TemPhD_cluster_33807_CDS_0027;SAMN09781779_a1_ct39878_CDS_0016;NC_022750.1_CDS_0017;TemPhD_cluster_38170_CDS_0007;TemPhD_cluster_28372_CDS_0021;TemPhD_cluster_51656_CDS_0036;TemPhD_cluster_63057_CDS_0001;TemPhD_cluster_62821_CDS_0004;TemPhD_cluster_28372_CDS_0009;TemPhD_cluster_52382_CDS_0008;TemPhD_cluster_62972_CDS_0030;MGV-GENOME-0232811_CDS_0011;TemPhD_cluster_52155_CDS_0034;TemPhD_cluster_52091_CDS_0005;NC_049457.1_CDS_0018;TemPhD_cluster_52262_CDS_0004;TemPhD_cluster_52379_CDS_0032;TemPhD_cluster_63038_CDS_0027;uvig_315197_CDS_0035;MGV-GENOME-0227212_CDS_0019;TemPhD_cluster_52275_CDS_0017;TemPhD_cluster_52275_CDS_0031;TemPhD_cluster_52018_CDS_0020;MGV-GENOME-0230591_CDS_0040;MGV-GENOME-0205381_CDS_0035;MGV-GENOME-0230157_CDS_0004;TemPhD_cluster_52382_CDS_0007;NC_049457.1_CDS_0014;TemPhD_cluster_33809_CDS_0030	27
TemPhD_cluster_51960	32519	40	40	MGV-GENOME-0230591_CDS_0008;TemPhD_cluster_52209_CDS_0016;TemPhD_cluster_38170_CDS_0040;TemPhD_cluster_62958_CDS_0019;TemPhD_cluster_37938_CDS_0036;TemPhD_cluster_37904_CDS_0014;TemPhD_cluster_9973_CDS_0030;TemPhD_cluster_51656_CDS_0040;TemPhD_cluster_52222_CDS_0022;TemPhD_cluster_33807_CDS_0027;SAMN09781779_a1_ct39878_CDS_0016;NC_022750.1_CDS_0017;TemPhD_cluster_38170_CDS_0007;TemPhD_cluster_28372_CDS_0021;TemPhD_cluster_51656_CDS_0036;TemPhD_cluster_63057_CDS_0001;TemPhD_cluster_28372_CDS_0009;TemPhD_cluster_52382_CDS_0008;TemPhD_cluster_51960_CDS_0025;TemPhD_cluster_62972_CDS_0030;MGV-GENOME-0232811_CDS_0011;TemPhD_cluster_52155_CDS_0034;TemPhD_cluster_52091_CDS_0005;NC_049457.1_CDS_0018;TemPhD_cluster_52112_CDS_0002;TemPhD_cluster_52112_CDS_0003;TemPhD_cluster_52379_CDS_0032;TemPhD_cluster_63038_CDS_0027;TemPhD_cluster_15215_CDS_0021;uvig_315197_CDS_0035;MGV-GENOME-0227212_CDS_0019;TemPhD_cluster_52275_CDS_0017;TemPhD_cluster_51960_CDS_0024;TemPhD_cluster_52275_CDS_0031;TemPhD_cluster_52018_CDS_0020;MGV-GENOME-0230591_CDS_0040;MGV-GENOME-0205381_CDS_0035;TemPhD_cluster_52382_CDS_0007;NC_049457.1_CDS_0014;TemPhD_cluster_33809_CDS_0030	28
TemPhD_cluster_23866	31840	40	40	MGV-GENOME-0230591_CDS_0008;TemPhD_cluster_52209_CDS_0016;TemPhD_cluster_38170_CDS_0040;TemPhD_cluster_62958_CDS_0019;TemPhD_cluster_37938_CDS_0036;TemPhD_cluster_37904_CDS_0014;TemPhD_cluster_9973_CDS_0030;TemPhD_cluster_51656_CDS_0040;TemPhD_cluster_52222_CDS_0022;TemPhD_cluster_33807_CDS_0027;SAMN09781779_a1_ct39878_CDS_0016;NC_022750.1_CDS_0017;TemPhD_cluster_38170_CDS_0007;TemPhD_cluster_23866_CDS_0023;TemPhD_cluster_28372_CDS_0021;TemPhD_cluster_51656_CDS_0036;TemPhD_cluster_63057_CDS_0001;TemPhD_cluster_28372_CDS_0009;TemPhD_cluster_52382_CDS_0008;TemPhD_cluster_62972_CDS_0030;MGV-GENOME-0232811_CDS_0011;TemPhD_cluster_52155_CDS_0034;TemPhD_cluster_52091_CDS_0005;NC_049457.1_CDS_0018;TemPhD_cluster_52379_CDS_0032;TemPhD_cluster_63038_CDS_0027;TemPhD_cluster_15215_CDS_0021;uvig_315197_CDS_0035;MGV-GENOME-0227212_CDS_0019;TemPhD_cluster_52275_CDS_0017;TemPhD_cluster_52275_CDS_0031;TemPhD_cluster_52018_CDS_0020;MGV-GENOME-0230591_CDS_0040;MGV-GENOME-0205381_CDS_0035;TemPhD_cluster_52382_CDS_0007;NC_049457.1_CDS_0014;TemPhD_cluster_51932_CDS_0036;TemPhD_cluster_63155_CDS_0031;TemPhD_cluster_33809_CDS_0030;TemPhD_cluster_63155_CDS_0002	29
TemPhD_cluster_33833	30811	41	41	MGV-GENOME-0230591_CDS_0008;TemPhD_cluster_52209_CDS_0016;TemPhD_cluster_37825_CDS_0002;TemPhD_cluster_38170_CDS_0040;TemPhD_cluster_62958_CDS_0019;TemPhD_cluster_33805_CDS_0023;TemPhD_cluster_37938_CDS_0036;TemPhD_cluster_37904_CDS_0014;TemPhD_cluster_9973_CDS_0030;TemPhD_cluster_51656_CDS_0040;TemPhD_cluster_52222_CDS_0022;TemPhD_cluster_33807_CDS_0027;SAMN09781779_a1_ct39878_CDS_0016;NC_022750.1_CDS_0017;TemPhD_cluster_38170_CDS_0007;TemPhD_cluster_28372_CDS_0021;TemPhD_cluster_51656_CDS_0036;TemPhD_cluster_63057_CDS_0001;TemPhD_cluster_33805_CDS_0024;NC_049461.1_CDS_0018;TemPhD_cluster_52382_CDS_0008;TemPhD_cluster_28372_CDS_0009;TemPhD_cluster_62972_CDS_0030;MGV-GENOME-0232811_CDS_0011;TemPhD_cluster_52155_CDS_0034;TemPhD_cluster_52091_CDS_0005;NC_049457.1_CDS_0018;TemPhD_cluster_52379_CDS_0032;TemPhD_cluster_63038_CDS_0027;TemPhD_cluster_33809_CDS_0004;uvig_315197_CDS_0035;MGV-GENOME-0227212_CDS_0019;TemPhD_cluster_52275_CDS_0017;TemPhD_cluster_52275_CDS_0031;TemPhD_cluster_52018_CDS_0020;MGV-GENOME-0230591_CDS_0040;MGV-GENOME-0205381_CDS_0035;TemPhD_cluster_52382_CDS_0007;NC_049457.1_CDS_0014;TemPhD_cluster_33809_CDS_0030;MGV-GENOME-0230157_CDS_0003	30
TemPhD_cluster_51656	34056	41	41	MGV-GENOME-0230591_CDS_0008;TemPhD_cluster_51656_CDS_0002;TemPhD_cluster_52209_CDS_0016;TemPhD_cluster_38170_CDS_0040;TemPhD_cluster_62958_CDS_0019;TemPhD_cluster_37938_CDS_0036;TemPhD_cluster_37904_CDS_0014;TemPhD_cluster_9973_CDS_0030;TemPhD_cluster_51656_CDS_0040;TemPhD_cluster_52222_CDS_0022;TemPhD_cluster_51656_CDS_0003;TemPhD_cluster_33807_CDS_0027;SAMN09781779_a1_ct39878_CDS_0016;NC_022750.1_CDS_0017;TemPhD_cluster_38170_CDS_0007;TemPhD_cluster_23866_CDS_0023;TemPhD_cluster_28372_CDS_0021;TemPhD_cluster_51656_CDS_0036;TemPhD_cluster_63057_CDS_0001;TemPhD_cluster_28372_CDS_0009;TemPhD_cluster_52382_CDS_0008;TemPhD_cluster_62972_CDS_0030;TemPhD_cluster_51656_CDS_0041;MGV-GENOME-0232811_CDS_0011;TemPhD_cluster_52155_CDS_0034;TemPhD_cluster_52091_CDS_0005;NC_049457.1_CDS_0018;TemPhD_cluster_52379_CDS_0032;TemPhD_cluster_63038_CDS_0027;TemPhD_cluster_15215_CDS_0021;uvig_315197_CDS_0035;MGV-GENOME-0227212_CDS_0019;TemPhD_cluster_52275_CDS_0017;TemPhD_cluster_52275_CDS_0031;TemPhD_cluster_52018_CDS_0020;MGV-GENOME-0230591_CDS_0040;MGV-GENOME-0205381_CDS_0035;SAMN09781779_a1_ct39878_CDS_0021;TemPhD_cluster_52382_CDS_0007;NC_049457.1_CDS_0014;TemPhD_cluster_33809_CDS_0030	31
TemPhD_cluster_33807	31047	41	41	MGV-GENOME-0230591_CDS_0008;TemPhD_cluster_52209_CDS_0016;TemPhD_cluster_52018_CDS_0025;TemPhD_cluster_38170_CDS_0040;TemPhD_cluster_62958_CDS_0019;TemPhD_cluster_33805_CDS_0023;TemPhD_cluster_37938_CDS_0036;TemPhD_cluster_37904_CDS_0014;TemPhD_cluster_9973_CDS_0030;TemPhD_cluster_51656_CDS_0040;TemPhD_cluster_52222_CDS_0022;TemPhD_cluster_33807_CDS_0026;TemPhD_cluster_33807_CDS_0027;SAMN09781779_a1_ct39878_CDS_0016;NC_022750.1_CDS_0017;TemPhD_cluster_38170_CDS_0007;TemPhD_cluster_28372_CDS_0021;MGV-GENOME-0205381_CDS_0002;TemPhD_cluster_51656_CDS_0036;TemPhD_cluster_63057_CDS_0001;NC_049461.1_CDS_0018;TemPhD_cluster_28372_CDS_0009;TemPhD_cluster_52382_CDS_0008;TemPhD_cluster_62972_CDS_0030;MGV-GENOME-0232811_CDS_0011;TemPhD_cluster_52155_CDS_0034;TemPhD_cluster_52091_CDS_0005;NC_049457.1_CDS_0018;TemPhD_cluster_52379_CDS_0032;TemPhD_cluster_63038_CDS_0027;uvig_315197_CDS_0035;MGV-GENOME-0227212_CDS_0019;TemPhD_cluster_52275_CDS_0017;TemPhD_cluster_52275_CDS_0031;TemPhD_cluster_52018_CDS_0020;MGV-GENOME-0230591_CDS_0040;MGV-GENOME-0205381_CDS_0035;TemPhD_cluster_52382_CDS_0007;NC_049457.1_CDS_0014;TemPhD_cluster_33807_CDS_0025;TemPhD_cluster_33809_CDS_0030	32
TemPhD_cluster_52155	31635	41	41	MGV-GENOME-0230591_CDS_0008;TemPhD_cluster_52209_CDS_0016;TemPhD_cluster_38170_CDS_0040;TemPhD_cluster_62958_CDS_0019;TemPhD_cluster_33805_CDS_0023;TemPhD_cluster_37938_CDS_0036;TemPhD_cluster_37904_CDS_0014;TemPhD_cluster_9973_CDS_0030;TemPhD_cluster_51656_CDS_0040;TemPhD_cluster_52222_CDS_0022;TemPhD_cluster_33807_CDS_0027;SAMN09781779_a1_ct39878_CDS_0016;NC_022750.1_CDS_0017;TemPhD_cluster_38170_CDS_0007;TemPhD_cluster_28372_CDS_0021;TemPhD_cluster_51656_CDS_0036;TemPhD_cluster_63057_CDS_0001;TemPhD_cluster_33805_CDS_0024;NC_049461.1_CDS_0018;TemPhD_cluster_52155_CDS_0002;TemPhD_cluster_52382_CDS_0008;TemPhD_cluster_28372_CDS_0009;TemPhD_cluster_62972_CDS_0030;MGV-GENOME-0232811_CDS_0011;TemPhD_cluster_52155_CDS_0034;TemPhD_cluster_52091_CDS_0005;NC_049457.1_CDS_0018;TemPhD_cluster_52155_CDS_0033;TemPhD_cluster_52379_CDS_0032;TemPhD_cluster_63038_CDS_0027;TemPhD_cluster_52155_CDS_0003;uvig_315197_CDS_0035;MGV-GENOME-0227212_CDS_0019;TemPhD_cluster_52275_CDS_0017;TemPhD_cluster_52275_CDS_0031;TemPhD_cluster_52018_CDS_0020;MGV-GENOME-0230591_CDS_0040;MGV-GENOME-0205381_CDS_0035;TemPhD_cluster_52382_CDS_0007;NC_049457.1_CDS_0014;TemPhD_cluster_33809_CDS_0030	33
MGV-GENOME-0232811	33870	41	41	MGV-GENOME-0230591_CDS_0008;TemPhD_cluster_52209_CDS_0016;TemPhD_cluster_38170_CDS_0040;TemPhD_cluster_62958_CDS_0019;TemPhD_cluster_33805_CDS_0023;TemPhD_cluster_37938_CDS_0036;TemPhD_cluster_37904_CDS_0014;TemPhD_cluster_9973_CDS_0030;TemPhD_cluster_51656_CDS_0040;TemPhD_cluster_52222_CDS_0022;TemPhD_cluster_33807_CDS_0027;SAMN09781779_a1_ct39878_CDS_0016;NC_022750.1_CDS_0017;TemPhD_cluster_38170_CDS_0007;TemPhD_cluster_28372_CDS_0021;TemPhD_cluster_51656_CDS_0036;TemPhD_cluster_63057_CDS_0001;TemPhD_cluster_28372_CDS_0009;TemPhD_cluster_52382_CDS_0008;TemPhD_cluster_62972_CDS_0030;MGV-GENOME-0232811_CDS_0024;MGV-GENOME-0232811_CDS_0011;TemPhD_cluster_52155_CDS_0034;TemPhD_cluster_52091_CDS_0005;NC_049457.1_CDS_0018;TemPhD_cluster_52112_CDS_0002;TemPhD_cluster_52112_CDS_0003;TemPhD_cluster_52379_CDS_0032;TemPhD_cluster_63038_CDS_0027;uvig_315197_CDS_0035;MGV-GENOME-0232811_CDS_0025;MGV-GENOME-0227212_CDS_0019;TemPhD_cluster_52275_CDS_0017;TemPhD_cluster_52275_CDS_0031;TemPhD_cluster_52018_CDS_0020;MGV-GENOME-0230591_CDS_0040;MGV-GENOME-0205381_CDS_0035;TemPhD_cluster_52382_CDS_0007;NC_049457.1_CDS_0014;TemPhD_cluster_51932_CDS_0036;TemPhD_cluster_33809_CDS_0030	34
TemPhD_cluster_51932	32682	41	41	MGV-GENOME-0230591_CDS_0008;TemPhD_cluster_52209_CDS_0016;TemPhD_cluster_38170_CDS_0040;TemPhD_cluster_62958_CDS_0019;TemPhD_cluster_33805_CDS_0023;TemPhD_cluster_37938_CDS_0036;TemPhD_cluster_37904_CDS_0014;TemPhD_cluster_9973_CDS_0030;TemPhD_cluster_51656_CDS_0040;TemPhD_cluster_52222_CDS_0022;TemPhD_cluster_33807_CDS_0027;SAMN09781779_a1_ct39878_CDS_0016;NC_022750.1_CDS_0017;TemPhD_cluster_38170_CDS_0007;TemPhD_cluster_28372_CDS_0021;TemPhD_cluster_51656_CDS_0036;TemPhD_cluster_63057_CDS_0001;TemPhD_cluster_33805_CDS_0024;TemPhD_cluster_28372_CDS_0009;TemPhD_cluster_52382_CDS_0008;TemPhD_cluster_62972_CDS_0030;MGV-GENOME-0232811_CDS_0011;TemPhD_cluster_52155_CDS_0034;TemPhD_cluster_52091_CDS_0005;NC_049457.1_CDS_0018;TemPhD_cluster_51932_CDS_0003;TemPhD_cluster_52379_CDS_0032;TemPhD_cluster_63038_CDS_0027;uvig_315197_CDS_0035;MGV-GENOME-0227212_CDS_0019;TemPhD_cluster_52275_CDS_0017;TemPhD_cluster_52275_CDS_0031;TemPhD_cluster_52018_CDS_0020;MGV-GENOME-0230591_CDS_0040;MGV-GENOME-0205381_CDS_0035;SAMN09781779_a1_ct39878_CDS_0021;MGV-GENOME-0230157_CDS_0004;TemPhD_cluster_52382_CDS_0007;NC_049457.1_CDS_0014;TemPhD_cluster_51932_CDS_0036;TemPhD_cluster_33809_CDS_0030	35
TemPhD_cluster_28372	31399	41	41	MGV-GENOME-0230591_CDS_0008;TemPhD_cluster_28372_CDS_0023;TemPhD_cluster_52209_CDS_0016;TemPhD_cluster_38170_CDS_0040;TemPhD_cluster_28372_CDS_0024;TemPhD_cluster_62958_CDS_0019;TemPhD_cluster_37938_CDS_0036;TemPhD_cluster_37904_CDS_0014;TemPhD_cluster_9973_CDS_0030;TemPhD_cluster_51656_CDS_0040;TemPhD_cluster_33807_CDS_0027;SAMN09781779_a1_ct39878_CDS_0016;NC_022750.1_CDS_0017;TemPhD_cluster_38170_CDS_0007;TemPhD_cluster_28372_CDS_0021;TemPhD_cluster_51656_CDS_0036;TemPhD_cluster_63057_CDS_0001;TemPhD_cluster_28372_CDS_0025;TemPhD_cluster_28372_CDS_0009;TemPhD_cluster_52382_CDS_0008;TemPhD_cluster_28372_CDS_0022;TemPhD_cluster_62972_CDS_0030;MGV-GENOME-0232811_CDS_0011;TemPhD_cluster_52155_CDS_0034;TemPhD_cluster_52091_CDS_0005;NC_049457.1_CDS_0018;TemPhD_cluster_52379_CDS_0032;TemPhD_cluster_63038_CDS_0027;TemPhD_cluster_52382_CDS_0002;MGV-GENOME-0205381_CDS_0024;uvig_315197_CDS_0035;MGV-GENOME-0227212_CDS_0019;TemPhD_cluster_52275_CDS_0017;TemPhD_cluster_52275_CDS_0031;TemPhD_cluster_52018_CDS_0020;MGV-GENOME-0230591_CDS_0040;TemPhD_cluster_52091_CDS_0027;MGV-GENOME-0205381_CDS_0035;TemPhD_cluster_52382_CDS_0007;NC_049457.1_CDS_0014;TemPhD_cluster_33809_CDS_0030	36
TemPhD_cluster_37938	32353	41	41	MGV-GENOME-0230591_CDS_0008;TemPhD_cluster_52209_CDS_0016;TemPhD_cluster_38170_CDS_0040;TemPhD_cluster_62958_CDS_0019;TemPhD_cluster_33805_CDS_0023;TemPhD_cluster_37938_CDS_0036;TemPhD_cluster_37904_CDS_0014;TemPhD_cluster_9973_CDS_0030;TemPhD_cluster_51656_CDS_0040;TemPhD_cluster_52222_CDS_0022;TemPhD_cluster_33807_CDS_0027;SAMN09781779_a1_ct39878_CDS_0016;NC_022750.1_CDS_0017;TemPhD_cluster_38170_CDS_0007;TemPhD_cluster_28372_CDS_0021;TemPhD_cluster_51656_CDS_0036;TemPhD_cluster_63057_CDS_0001;TemPhD_cluster_33805_CDS_0024;TemPhD_cluster_28372_CDS_0009;TemPhD_cluster_52382_CDS_0008;TemPhD_cluster_62972_CDS_0030;MGV-GENOME-0232811_CDS_0011;TemPhD_cluster_52155_CDS_0034;TemPhD_cluster_52091_CDS_0005;NC_049457.1_CDS_0018;TemPhD_cluster_52155_CDS_0033;TemPhD_cluster_52379_CDS_0032;TemPhD_cluster_63038_CDS_0027;NC_022750.1_CDS_0004;NC_022750.1_CDS_0002;uvig_315197_CDS_0035;MGV-GENOME-0227212_CDS_0019;TemPhD_cluster_52275_CDS_0017;TemPhD_cluster_52275_CDS_0031;TemPhD_cluster_52018_CDS_0020;MGV-GENOME-0230591_CDS_0040;MGV-GENOME-0205381_CDS_0035;NC_022750.1_CDS_0003;TemPhD_cluster_52382_CDS_0007;NC_049457.1_CDS_0014;TemPhD_cluster_33809_CDS_0030	37
TemPhD_cluster_63096	32132	41	41	MGV-GENOME-0230591_CDS_0008;TemPhD_cluster_52209_CDS_0016;TemPhD_cluster_38170_CDS_0040;TemPhD_cluster_62958_CDS_0019;TemPhD_cluster_33805_CDS_0023;TemPhD_cluster_37938_CDS_0036;TemPhD_cluster_37904_CDS_0014;TemPhD_cluster_9973_CDS_0030;TemPhD_cluster_51656_CDS_0040;TemPhD_cluster_52222_CDS_0022;TemPhD_cluster_33807_CDS_0027;SAMN09781779_a1_ct39878_CDS_0016;NC_022750.1_CDS_0017;TemPhD_cluster_38170_CDS_0007;TemPhD_cluster_28372_CDS_0021;TemPhD_cluster_51656_CDS_0036;TemPhD_cluster_63057_CDS_0001;TemPhD_cluster_33805_CDS_0024;TemPhD_cluster_52382_CDS_0008;TemPhD_cluster_28372_CDS_0009;TemPhD_cluster_62972_CDS_0030;MGV-GENOME-0232811_CDS_0011;TemPhD_cluster_52155_CDS_0034;TemPhD_cluster_52091_CDS_0005;NC_049457.1_CDS_0018;TemPhD_cluster_51932_CDS_0003;TemPhD_cluster_52379_CDS_0032;TemPhD_cluster_63038_CDS_0027;TemPhD_cluster_63096_CDS_0002;uvig_315197_CDS_0035;MGV-GENOME-0227212_CDS_0019;TemPhD_cluster_52275_CDS_0017;TemPhD_cluster_52275_CDS_0031;TemPhD_cluster_52018_CDS_0020;MGV-GENOME-0230591_CDS_0040;MGV-GENOME-0205381_CDS_0035;MGV-GENOME-0230157_CDS_0004;TemPhD_cluster_52382_CDS_0007;NC_049457.1_CDS_0014;TemPhD_cluster_51932_CDS_0036;TemPhD_cluster_33809_CDS_0030	38
TemPhD_cluster_62933	32809	41	41	MGV-GENOME-0230591_CDS_0008;TemPhD_cluster_52209_CDS_0016;TemPhD_cluster_38170_CDS_0040;TemPhD_cluster_62958_CDS_0019;TemPhD_cluster_33805_CDS_0023;TemPhD_cluster_37938_CDS_0036;TemPhD_cluster_37904_CDS_0014;TemPhD_cluster_9973_CDS_0030;TemPhD_cluster_51656_CDS_0040;TemPhD_cluster_52222_CDS_0022;TemPhD_cluster_33807_CDS_0027;SAMN09781779_a1_ct39878_CDS_0016;NC_022750.1_CDS_0017;TemPhD_cluster_38170_CDS_0007;TemPhD_cluster_28372_CDS_0021;TemPhD_cluster_51656_CDS_0036;TemPhD_cluster_63057_CDS_0001;TemPhD_cluster_28372_CDS_0009;TemPhD_cluster_52382_CDS_0008;TemPhD_cluster_62972_CDS_0030;MGV-GENOME-0232811_CDS_0011;TemPhD_cluster_52155_CDS_0034;TemPhD_cluster_52091_CDS_0005;NC_049457.1_CDS_0018;TemPhD_cluster_52155_CDS_0033;TemPhD_cluster_52379_CDS_0032;TemPhD_cluster_63038_CDS_0027;NC_022750.1_CDS_0004;NC_022750.1_CDS_0002;uvig_315197_CDS_0035;MGV-GENOME-0227212_CDS_0019;TemPhD_cluster_52275_CDS_0017;TemPhD_cluster_52275_CDS_0031;TemPhD_cluster_52018_CDS_0020;TemPhD_cluster_63038_CDS_0024;MGV-GENOME-0230591_CDS_0040;MGV-GENOME-0205381_CDS_0035;NC_022750.1_CDS_0003;TemPhD_cluster_52382_CDS_0007;NC_049457.1_CDS_0014;TemPhD_cluster_33809_CDS_0030	39
TemPhD_cluster_52112	31844	41	41	MGV-GENOME-0230591_CDS_0008;TemPhD_cluster_52209_CDS_0016;TemPhD_cluster_38170_CDS_0040;TemPhD_cluster_62958_CDS_0019;TemPhD_cluster_33805_CDS_0023;TemPhD_cluster_37938_CDS_0036;TemPhD_cluster_37904_CDS_0014;TemPhD_cluster_9973_CDS_0030;TemPhD_cluster_51656_CDS_0040;TemPhD_cluster_52222_CDS_0022;TemPhD_cluster_33807_CDS_0027;SAMN09781779_a1_ct39878_CDS_0016;NC_022750.1_CDS_0017;TemPhD_cluster_38170_CDS_0007;TemPhD_cluster_28372_CDS_0021;TemPhD_cluster_51656_CDS_0036;TemPhD_cluster_63057_CDS_0001;TemPhD_cluster_33805_CDS_0024;TemPhD_cluster_28372_CDS_0009;TemPhD_cluster_52382_CDS_0008;TemPhD_cluster_62972_CDS_0030;MGV-GENOME-0232811_CDS_0011;TemPhD_cluster_52155_CDS_0034;TemPhD_cluster_52091_CDS_0005;NC_049457.1_CDS_0018;TemPhD_cluster_52112_CDS_0002;TemPhD_cluster_52112_CDS_0003;TemPhD_cluster_52379_CDS_0032;TemPhD_cluster_63038_CDS_0027;uvig_315197_CDS_0035;MGV-GENOME-0227212_CDS_0019;TemPhD_cluster_52275_CDS_0017;TemPhD_cluster_52275_CDS_0031;TemPhD_cluster_52018_CDS_0020;MGV-GENOME-0230591_CDS_0040;MGV-GENOME-0205381_CDS_0035;SAMN09781779_a1_ct39878_CDS_0021;TemPhD_cluster_52382_CDS_0007;NC_049457.1_CDS_0014;TemPhD_cluster_51932_CDS_0036;TemPhD_cluster_33809_CDS_0030	40
TemPhD_cluster_38170	30393	41	41	MGV-GENOME-0230591_CDS_0008;TemPhD_cluster_52209_CDS_0016;TemPhD_cluster_38170_CDS_0040;TemPhD_cluster_28372_CDS_0024;TemPhD_cluster_62958_CDS_0019;TemPhD_cluster_37938_CDS_0036;TemPhD_cluster_37904_CDS_0014;TemPhD_cluster_9973_CDS_0030;TemPhD_cluster_51656_CDS_0040;TemPhD_cluster_33807_CDS_0027;SAMN09781779_a1_ct39878_CDS_0016;NC_022750.1_CDS_0017;TemPhD_cluster_38170_CDS_0007;TemPhD_cluster_28372_CDS_0021;TemPhD_cluster_51656_CDS_0036;TemPhD_cluster_63057_CDS_0001;TemPhD_cluster_37904_CDS_0005;TemPhD_cluster_28372_CDS_0009;TemPhD_cluster_52382_CDS_0008;TemPhD_cluster_62972_CDS_0030;MGV-GENOME-0232811_CDS_0011;TemPhD_cluster_52155_CDS_0034;TemPhD_cluster_52091_CDS_0005;NC_049457.1_CDS_0018;TemPhD_cluster_33725_CDS_0003;TemPhD_cluster_38170_CDS_0026;TemPhD_cluster_38170_CDS_0025;TemPhD_cluster_52379_CDS_0032;TemPhD_cluster_63038_CDS_0027;uvig_315197_CDS_0035;MGV-GENOME-0227212_CDS_0019;TemPhD_cluster_52275_CDS_0017;TemPhD_cluster_52275_CDS_0031;TemPhD_cluster_52018_CDS_0020;MGV-GENOME-0230591_CDS_0040;MGV-GENOME-0205381_CDS_0035;MGV-GENOME-0230157_CDS_0004;TemPhD_cluster_52382_CDS_0007;NC_049457.1_CDS_0014;TemPhD_cluster_33809_CDS_0030;TemPhD_cluster_52379_CDS_0025	41
TemPhD_cluster_52209	31413	41	41	MGV-GENOME-0230591_CDS_0008;TemPhD_cluster_52209_CDS_0016;TemPhD_cluster_38170_CDS_0040;TemPhD_cluster_62958_CDS_0019;TemPhD_cluster_33805_CDS_0023;TemPhD_cluster_37938_CDS_0036;TemPhD_cluster_37904_CDS_0014;TemPhD_cluster_9973_CDS_0030;TemPhD_cluster_51656_CDS_0040;TemPhD_cluster_52222_CDS_0022;TemPhD_cluster_33807_CDS_0027;SAMN09781779_a1_ct39878_CDS_0016;NC_022750.1_CDS_0017;TemPhD_cluster_38170_CDS_0007;TemPhD_cluster_28372_CDS_0021;TemPhD_cluster_51656_CDS_0036;TemPhD_cluster_63057_CDS_0001;TemPhD_cluster_28372_CDS_0009;TemPhD_cluster_52382_CDS_0008;TemPhD_cluster_62972_CDS_0030;MGV-GENOME-0232811_CDS_0011;TemPhD_cluster_52209_CDS_0025;TemPhD_cluster_52155_CDS_0034;TemPhD_cluster_52091_CDS_0005;NC_049457.1_CDS_0018;TemPhD_cluster_52379_CDS_0032;TemPhD_cluster_63038_CDS_0027;NC_022750.1_CDS_0004;NC_022750.1_CDS_0002;uvig_315197_CDS_0035;MGV-GENOME-0227212_CDS_0019;TemPhD_cluster_52275_CDS_0017;TemPhD_cluster_52275_CDS_0031;TemPhD_cluster_52018_CDS_0020;MGV-GENOME-0230591_CDS_0040;MGV-GENOME-0205381_CDS_0035;NC_022750.1_CDS_0003;TemPhD_cluster_52382_CDS_0007;NC_049457.1_CDS_0014;TemPhD_cluster_51932_CDS_0036;TemPhD_cluster_33809_CDS_0030	42
TemPhD_cluster_37844	33463	41	41	MGV-GENOME-0230591_CDS_0008;TemPhD_cluster_52209_CDS_0016;TemPhD_cluster_38170_CDS_0040;TemPhD_cluster_62958_CDS_0019;TemPhD_cluster_33805_CDS_0023;TemPhD_cluster_37938_CDS_0036;TemPhD_cluster_37904_CDS_0014;TemPhD_cluster_9973_CDS_0030;TemPhD_cluster_51656_CDS_0040;TemPhD_cluster_52222_CDS_0022;TemPhD_cluster_33807_CDS_0027;SAMN09781779_a1_ct39878_CDS_0016;NC_022750.1_CDS_0017;TemPhD_cluster_38170_CDS_0007;TemPhD_cluster_28372_CDS_0021;TemPhD_cluster_51656_CDS_0036;TemPhD_cluster_63057_CDS_0001;TemPhD_cluster_28372_CDS_0009;TemPhD_cluster_52382_CDS_0008;TemPhD_cluster_62972_CDS_0030;MGV-GENOME-0232811_CDS_0011;TemPhD_cluster_52155_CDS_0034;TemPhD_cluster_52091_CDS_0005;NC_049457.1_CDS_0018;TemPhD_cluster_51932_CDS_0003;TemPhD_cluster_37844_CDS_0025;TemPhD_cluster_52379_CDS_0032;TemPhD_cluster_63038_CDS_0027;uvig_315197_CDS_0035;MGV-GENOME-0227212_CDS_0019;TemPhD_cluster_52275_CDS_0017;TemPhD_cluster_52275_CDS_0031;TemPhD_cluster_52018_CDS_0020;MGV-GENOME-0230591_CDS_0040;MGV-GENOME-0205381_CDS_0035;SAMN09781779_a1_ct39878_CDS_0021;MGV-GENOME-0230157_CDS_0004;TemPhD_cluster_52382_CDS_0007;NC_049457.1_CDS_0014;TemPhD_cluster_51932_CDS_0036;TemPhD_cluster_33809_CDS_0030	43
TemPhD_cluster_37906	32672	42	42	MGV-GENOME-0230591_CDS_0008;TemPhD_cluster_52209_CDS_0016;TemPhD_cluster_38170_CDS_0040;TemPhD_cluster_62958_CDS_0019;TemPhD_cluster_33805_CDS_0023;TemPhD_cluster_37938_CDS_0036;TemPhD_cluster_37904_CDS_0014;TemPhD_cluster_9973_CDS_0030;TemPhD_cluster_51656_CDS_0040;TemPhD_cluster_52222_CDS_0022;TemPhD_cluster_33807_CDS_0027;SAMN09781779_a1_ct39878_CDS_0016;NC_022750.1_CDS_0017;TemPhD_cluster_38170_CDS_0007;TemPhD_cluster_28372_CDS_0021;TemPhD_cluster_51656_CDS_0036;TemPhD_cluster_63057_CDS_0001;TemPhD_cluster_33805_CDS_0024;TemPhD_cluster_37906_CDS_0005;TemPhD_cluster_52382_CDS_0008;TemPhD_cluster_28372_CDS_0009;TemPhD_cluster_62972_CDS_0030;MGV-GENOME-0232811_CDS_0011;TemPhD_cluster_52155_CDS_0034;TemPhD_cluster_52091_CDS_0005;NC_049457.1_CDS_0018;TemPhD_cluster_51932_CDS_0003;TemPhD_cluster_52379_CDS_0032;TemPhD_cluster_63038_CDS_0027;TemPhD_cluster_63096_CDS_0002;uvig_315197_CDS_0035;MGV-GENOME-0227212_CDS_0019;TemPhD_cluster_52275_CDS_0017;TemPhD_cluster_52275_CDS_0031;TemPhD_cluster_52018_CDS_0020;MGV-GENOME-0230591_CDS_0040;MGV-GENOME-0205381_CDS_0035;MGV-GENOME-0230157_CDS_0004;TemPhD_cluster_52382_CDS_0007;NC_049457.1_CDS_0014;TemPhD_cluster_51932_CDS_0036;TemPhD_cluster_33809_CDS_0030	44
TemPhD_cluster_51953	32570	42	42	MGV-GENOME-0230591_CDS_0008;TemPhD_cluster_52209_CDS_0016;TemPhD_cluster_38170_CDS_0040;TemPhD_cluster_62958_CDS_0019;TemPhD_cluster_33805_CDS_0023;TemPhD_cluster_37938_CDS_0036;TemPhD_cluster_37904_CDS_0014;TemPhD_cluster_9973_CDS_0030;TemPhD_cluster_51656_CDS_0040;TemPhD_cluster_33807_CDS_0027;SAMN09781779_a1_ct39878_CDS_0016;NC_022750.1_CDS_0017;TemPhD_cluster_38170_CDS_0007;TemPhD_cluster_28372_CDS_0021;TemPhD_cluster_51656_CDS_0036;TemPhD_cluster_63057_CDS_0001;TemPhD_cluster_62821_CDS_0004;NC_049457.1_CDS_0011;TemPhD_cluster_51953_CDS_0025;TemPhD_cluster_51953_CDS_0027;TemPhD_cluster_28372_CDS_0009;TemPhD_cluster_52382_CDS_0008;TemPhD_cluster_28372_CDS_0022;TemPhD_cluster_62972_CDS_0030;MGV-GENOME-0232811_CDS_0011;TemPhD_cluster_52155_CDS_0034;TemPhD_cluster_52091_CDS_0005;NC_049457.1_CDS_0018;TemPhD_cluster_51953_CDS_0008;TemPhD_cluster_52262_CDS_0004;TemPhD_cluster_52379_CDS_0032;TemPhD_cluster_63038_CDS_0027;uvig_315197_CDS_0035;MGV-GENOME-0227212_CDS_0019;TemPhD_cluster_52275_CDS_0017;TemPhD_cluster_52275_CDS_0031;TemPhD_cluster_52018_CDS_0020;MGV-GENOME-0230591_CDS_0040;MGV-GENOME-0205381_CDS_0035;MGV-GENOME-0230157_CDS_0004;NC_049457.1_CDS_0014;TemPhD_cluster_33809_CDS_0030	45
NC_049461.1	31834	42	42	MGV-GENOME-0230591_CDS_0008;TemPhD_cluster_52209_CDS_0016;TemPhD_cluster_52018_CDS_0025;TemPhD_cluster_38170_CDS_0040;TemPhD_cluster_62958_CDS_0019;TemPhD_cluster_33805_CDS_0023;TemPhD_cluster_37938_CDS_0036;TemPhD_cluster_37904_CDS_0014;TemPhD_cluster_9973_CDS_0030;TemPhD_cluster_51656_CDS_0040;TemPhD_cluster_52222_CDS_0022;TemPhD_cluster_33807_CDS_0026;TemPhD_cluster_33807_CDS_0027;SAMN09781779_a1_ct39878_CDS_0016;NC_022750.1_CDS_0017;TemPhD_cluster_38170_CDS_0007;TemPhD_cluster_28372_CDS_0021;TemPhD_cluster_51656_CDS_0036;TemPhD_cluster_63057_CDS_0001;NC_049461.1_CDS_0018;TemPhD_cluster_52155_CDS_0002;TemPhD_cluster_52382_CDS_0008;TemPhD_cluster_28372_CDS_0009;TemPhD_cluster_62972_CDS_0030;MGV-GENOME-0232811_CDS_0011;TemPhD_cluster_52155_CDS_0034;TemPhD_cluster_52091_CDS_0005;NC_049457.1_CDS_0018;TemPhD_cluster_52379_CDS_0032;TemPhD_cluster_63038_CDS_0027;TemPhD_cluster_52155_CDS_0003;uvig_315197_CDS_0035;MGV-GENOME-0227212_CDS_0019;TemPhD_cluster_52275_CDS_0017;TemPhD_cluster_52275_CDS_0031;TemPhD_cluster_52018_CDS_0020;MGV-GENOME-0230591_CDS_0040;MGV-GENOME-0205381_CDS_0035;TemPhD_cluster_52382_CDS_0007;NC_049457.1_CDS_0014;TemPhD_cluster_33807_CDS_0025;TemPhD_cluster_33809_CDS_0030	46
TemPhD_cluster_52018	32272	42	42	MGV-GENOME-0230591_CDS_0008;TemPhD_cluster_52209_CDS_0016;TemPhD_cluster_52018_CDS_0025;TemPhD_cluster_38170_CDS_0040;TemPhD_cluster_62958_CDS_0019;TemPhD_cluster_33805_CDS_0023;TemPhD_cluster_37938_CDS_0036;TemPhD_cluster_37904_CDS_0014;TemPhD_cluster_9973_CDS_0030;TemPhD_cluster_51656_CDS_0040;TemPhD_cluster_52222_CDS_0022;TemPhD_cluster_33807_CDS_0026;TemPhD_cluster_33807_CDS_0027;SAMN09781779_a1_ct39878_CDS_0016;NC_022750.1_CDS_0017;TemPhD_cluster_38170_CDS_0007;TemPhD_cluster_28372_CDS_0021;TemPhD_cluster_51656_CDS_0036;TemPhD_cluster_63057_CDS_0001;TemPhD_cluster_28372_CDS_0009;TemPhD_cluster_52382_CDS_0008;TemPhD_cluster_62972_CDS_0030;MGV-GENOME-0232811_CDS_0011;TemPhD_cluster_52155_CDS_0034;TemPhD_cluster_52091_CDS_0005;NC_049457.1_CDS_0018;TemPhD_cluster_52379_CDS_0032;TemPhD_cluster_63038_CDS_0027;NC_022750.1_CDS_0004;NC_022750.1_CDS_0002;uvig_315197_CDS_0035;MGV-GENOME-0227212_CDS_0019;TemPhD_cluster_52275_CDS_0017;TemPhD_cluster_52018_CDS_0020;MGV-GENOME-0230591_CDS_0040;MGV-GENOME-0205381_CDS_0035;NC_022750.1_CDS_0003;TemPhD_cluster_52382_CDS_0007;NC_049457.1_CDS_0014;TemPhD_cluster_33807_CDS_0025;TemPhD_cluster_51932_CDS_0036;TemPhD_cluster_33809_CDS_0030	47
TemPhD_cluster_37904	32678	42	42	MGV-GENOME-0230591_CDS_0008;TemPhD_cluster_52209_CDS_0016;TemPhD_cluster_37825_CDS_0002;TemPhD_cluster_38170_CDS_0040;TemPhD_cluster_62958_CDS_0019;TemPhD_cluster_33805_CDS_0023;TemPhD_cluster_37938_CDS_0036;TemPhD_cluster_37904_CDS_0014;TemPhD_cluster_9973_CDS_0030;TemPhD_cluster_51656_CDS_0040;TemPhD_cluster_52222_CDS_0022;TemPhD_cluster_33807_CDS_0027;SAMN09781779_a1_ct39878_CDS_0016;NC_022750.1_CDS_0017;TemPhD_cluster_38170_CDS_0007;TemPhD_cluster_28372_CDS_0021;TemPhD_cluster_51656_CDS_0036;TemPhD_cluster_63057_CDS_0001;TemPhD_cluster_37904_CDS_0005;TemPhD_cluster_28372_CDS_0009;TemPhD_cluster_52382_CDS_0008;TemPhD_cluster_62972_CDS_0030;MGV-GENOME-0232811_CDS_0011;TemPhD_cluster_52155_CDS_0034;TemPhD_cluster_52091_CDS_0005;NC_049457.1_CDS_0018;TemPhD_cluster_33725_CDS_0003;TemPhD_cluster_62953_CDS_0027;TemPhD_cluster_52379_CDS_0032;TemPhD_cluster_63038_CDS_0027;uvig_315197_CDS_0035;MGV-GENOME-0227212_CDS_0019;TemPhD_cluster_52275_CDS_0017;TemPhD_cluster_52275_CDS_0031;TemPhD_cluster_52018_CDS_0020;MGV-GENOME-0230591_CDS_0040;MGV-GENOME-0205381_CDS_0035;MGV-GENOME-0230157_CDS_0004;TemPhD_cluster_52382_CDS_0007;NC_049457.1_CDS_0014;TemPhD_cluster_51932_CDS_0036;TemPhD_cluster_33809_CDS_0030	48
TemPhD_cluster_52262	31181	42	42	MGV-GENOME-0230591_CDS_0008;TemPhD_cluster_52209_CDS_0016;TemPhD_cluster_38170_CDS_0040;TemPhD_cluster_28372_CDS_0024;TemPhD_cluster_62958_CDS_0019;TemPhD_cluster_37938_CDS_0036;TemPhD_cluster_37904_CDS_0014;TemPhD_cluster_9973_CDS_0030;TemPhD_cluster_51656_CDS_0040;TemPhD_cluster_33807_CDS_0027;SAMN09781779_a1_ct39878_CDS_0016;NC_022750.1_CDS_0017;TemPhD_cluster_38170_CDS_0007;TemPhD_cluster_28372_CDS_0021;TemPhD_cluster_51656_CDS_0036;TemPhD_cluster_63057_CDS_0001;TemPhD_cluster_62821_CDS_0004;TemPhD_cluster_28372_CDS_0009;TemPhD_cluster_52382_CDS_0008;TemPhD_cluster_62972_CDS_0030;MGV-GENOME-0232811_CDS_0011;TemPhD_cluster_52155_CDS_0034;TemPhD_cluster_52091_CDS_0005;NC_049457.1_CDS_0018;TemPhD_cluster_52262_CDS_0004;TemPhD_cluster_52379_CDS_0032;TemPhD_cluster_63038_CDS_0027;TemPhD_cluster_15215_CDS_0021;uvig_315197_CDS_0035;MGV-GENOME-0227212_CDS_0019;TemPhD_cluster_52275_CDS_0017;TemPhD_cluster_52275_CDS_0031;TemPhD_cluster_52018_CDS_0020;MGV-GENOME-0230591_CDS_0040;TemPhD_cluster_52091_CDS_0027;MGV-GENOME-0205381_CDS_0035;MGV-GENOME-0230157_CDS_0004;TemPhD_cluster_52382_CDS_0007;NC_049457.1_CDS_0014;TemPhD_cluster_52262_CDS_0026;TemPhD_cluster_33809_CDS_0030;TemPhD_cluster_52379_CDS_0025	49
TemPhD_cluster_62821	33325	42	42	MGV-GENOME-0230591_CDS_0008;TemPhD_cluster_62821_CDS_0027;TemPhD_cluster_52209_CDS_0016;TemPhD_cluster_37825_CDS_0002;TemPhD_cluster_38170_CDS_0040;TemPhD_cluster_62958_CDS_0019;TemPhD_cluster_33805_CDS_0023;TemPhD_cluster_37938_CDS_0036;TemPhD_cluster_37904_CDS_0014;TemPhD_cluster_9973_CDS_0030;TemPhD_cluster_51656_CDS_0040;TemPhD_cluster_52222_CDS_0022;TemPhD_cluster_33807_CDS_0027;SAMN09781779_a1_ct39878_CDS_0016;NC_022750.1_CDS_0017;TemPhD_cluster_38170_CDS_0007;TemPhD_cluster_28372_CDS_0021;TemPhD_cluster_51656_CDS_0036;TemPhD_cluster_63057_CDS_0001;TemPhD_cluster_62821_CDS_0004;TemPhD_cluster_28372_CDS_0009;TemPhD_cluster_52382_CDS_0008;TemPhD_cluster_62972_CDS_0030;MGV-GENOME-0232811_CDS_0011;TemPhD_cluster_52155_CDS_0034;TemPhD_cluster_52091_CDS_0005;NC_049457.1_CDS_0018;TemPhD_cluster_52262_CDS_0004;TemPhD_cluster_52379_CDS_0032;TemPhD_cluster_63038_CDS_0027;uvig_315197_CDS_0035;MGV-GENOME-0227212_CDS_0019;TemPhD_cluster_52275_CDS_0017;TemPhD_cluster_62821_CDS_0026;TemPhD_cluster_52275_CDS_0031;TemPhD_cluster_52018_CDS_0020;MGV-GENOME-0230591_CDS_0040;MGV-GENOME-0205381_CDS_0035;MGV-GENOME-0230157_CDS_0004;TemPhD_cluster_52382_CDS_0007;NC_049457.1_CDS_0014;TemPhD_cluster_33809_CDS_0030	50
uvig_315197	33220	42	42	MGV-GENOME-0230591_CDS_0008;TemPhD_cluster_52209_CDS_0016;TemPhD_cluster_37825_CDS_0002;TemPhD_cluster_38170_CDS_0040;TemPhD_cluster_62958_CDS_0019;TemPhD_cluster_33805_CDS_0023;TemPhD_cluster_37938_CDS_0036;TemPhD_cluster_37904_CDS_0014;TemPhD_cluster_9973_CDS_0030;TemPhD_cluster_51656_CDS_0040;TemPhD_cluster_52222_CDS_0022;TemPhD_cluster_33807_CDS_0027;SAMN09781779_a1_ct39878_CDS_0016;NC_022750.1_CDS_0017;TemPhD_cluster_38170_CDS_0007;TemPhD_cluster_28372_CDS_0021;TemPhD_cluster_51656_CDS_0036;TemPhD_cluster_63057_CDS_0001;TemPhD_cluster_28372_CDS_0009;TemPhD_cluster_52382_CDS_0008;TemPhD_cluster_62972_CDS_0030;uvig_315197_CDS_0004;MGV-GENOME-0232811_CDS_0011;TemPhD_cluster_52155_CDS_0034;TemPhD_cluster_52091_CDS_0005;NC_049457.1_CDS_0018;uvig_315197_CDS_0032;TemPhD_cluster_52379_CDS_0032;TemPhD_cluster_63038_CDS_0027;uvig_315197_CDS_0031;uvig_315197_CDS_0033;uvig_315197_CDS_0035;uvig_315197_CDS_0003;MGV-GENOME-0227212_CDS_0019;TemPhD_cluster_52275_CDS_0017;TemPhD_cluster_52018_CDS_0020;MGV-GENOME-0230591_CDS_0040;MGV-GENOME-0205381_CDS_0035;TemPhD_cluster_52382_CDS_0007;NC_049457.1_CDS_0014;TemPhD_cluster_51932_CDS_0036;TemPhD_cluster_33809_CDS_0030	51
NC_005056.1	32684	42	42	MGV-GENOME-0230591_CDS_0008;TemPhD_cluster_52209_CDS_0016;TemPhD_cluster_38170_CDS_0040;TemPhD_cluster_62958_CDS_0019;TemPhD_cluster_33805_CDS_0023;TemPhD_cluster_37938_CDS_0036;TemPhD_cluster_37904_CDS_0014;TemPhD_cluster_9973_CDS_0030;TemPhD_cluster_51656_CDS_0040;TemPhD_cluster_52222_CDS_0022;TemPhD_cluster_33807_CDS_0027;SAMN09781779_a1_ct39878_CDS_0016;NC_022750.1_CDS_0017;TemPhD_cluster_38170_CDS_0007;TemPhD_cluster_28372_CDS_0021;TemPhD_cluster_51656_CDS_0036;TemPhD_cluster_63057_CDS_0001;TemPhD_cluster_37904_CDS_0005;TemPhD_cluster_52382_CDS_0008;TemPhD_cluster_28372_CDS_0009;TemPhD_cluster_62972_CDS_0030;MGV-GENOME-0232811_CDS_0011;TemPhD_cluster_52155_CDS_0034;TemPhD_cluster_52091_CDS_0005;NC_049457.1_CDS_0018;TemPhD_cluster_33725_CDS_0003;TemPhD_cluster_62953_CDS_0027;TemPhD_cluster_52379_CDS_0032;TemPhD_cluster_63038_CDS_0027;TemPhD_cluster_63096_CDS_0002;uvig_315197_CDS_0035;MGV-GENOME-0227212_CDS_0019;TemPhD_cluster_52275_CDS_0017;TemPhD_cluster_52275_CDS_0031;TemPhD_cluster_52018_CDS_0020;MGV-GENOME-0230591_CDS_0040;MGV-GENOME-0205381_CDS_0035;MGV-GENOME-0230157_CDS_0004;TemPhD_cluster_52382_CDS_0007;NC_049457.1_CDS_0014;TemPhD_cluster_51932_CDS_0036;TemPhD_cluster_33809_CDS_0030	52
TemPhD_cluster_37825	33595	42	42	MGV-GENOME-0230591_CDS_0008;TemPhD_cluster_52209_CDS_0016;TemPhD_cluster_37825_CDS_0002;TemPhD_cluster_38170_CDS_0040;TemPhD_cluster_62958_CDS_0019;TemPhD_cluster_33805_CDS_0023;TemPhD_cluster_37825_CDS_0005;TemPhD_cluster_37938_CDS_0036;TemPhD_cluster_37904_CDS_0014;TemPhD_cluster_9973_CDS_0030;TemPhD_cluster_51656_CDS_0040;TemPhD_cluster_52222_CDS_0022;TemPhD_cluster_33807_CDS_0027;SAMN09781779_a1_ct39878_CDS_0016;NC_022750.1_CDS_0017;TemPhD_cluster_38170_CDS_0007;TemPhD_cluster_28372_CDS_0021;TemPhD_cluster_51656_CDS_0036;TemPhD_cluster_63057_CDS_0001;TemPhD_cluster_37904_CDS_0005;TemPhD_cluster_28372_CDS_0009;TemPhD_cluster_52382_CDS_0008;TemPhD_cluster_62972_CDS_0030;MGV-GENOME-0232811_CDS_0011;TemPhD_cluster_52155_CDS_0034;TemPhD_cluster_52091_CDS_0005;TemPhD_cluster_62953_CDS_0005;NC_049457.1_CDS_0018;TemPhD_cluster_62953_CDS_0027;TemPhD_cluster_52379_CDS_0032;TemPhD_cluster_63038_CDS_0027;uvig_315197_CDS_0035;MGV-GENOME-0227212_CDS_0019;TemPhD_cluster_52275_CDS_0017;TemPhD_cluster_52275_CDS_0031;TemPhD_cluster_52018_CDS_0020;MGV-GENOME-0230591_CDS_0040;MGV-GENOME-0205381_CDS_0035;SAMN09781779_a1_ct39878_CDS_0021;TemPhD_cluster_52382_CDS_0007;NC_049457.1_CDS_0014;TemPhD_cluster_33809_CDS_0030	53
TemPhD_cluster_38191	30261	42	42	MGV-GENOME-0230591_CDS_0008;TemPhD_cluster_52379_CDS_0025;TemPhD_cluster_52209_CDS_0016;TemPhD_cluster_37825_CDS_0002;TemPhD_cluster_38170_CDS_0040;TemPhD_cluster_28372_CDS_0024;TemPhD_cluster_62958_CDS_0019;TemPhD_cluster_37938_CDS_0036;TemPhD_cluster_37904_CDS_0014;TemPhD_cluster_9973_CDS_0030;TemPhD_cluster_51656_CDS_0040;TemPhD_cluster_33807_CDS_0027;SAMN09781779_a1_ct39878_CDS_0016;NC_022750.1_CDS_0017;TemPhD_cluster_38170_CDS_0007;TemPhD_cluster_28372_CDS_0021;TemPhD_cluster_51656_CDS_0036;TemPhD_cluster_63057_CDS_0001;TemPhD_cluster_52382_CDS_0008;TemPhD_cluster_28372_CDS_0009;TemPhD_cluster_62972_CDS_0030;MGV-GENOME-0232811_CDS_0011;TemPhD_cluster_52155_CDS_0034;TemPhD_cluster_52091_CDS_0005;NC_049457.1_CDS_0018;TemPhD_cluster_38190_CDS_0004;TemPhD_cluster_52379_CDS_0032;TemPhD_cluster_63038_CDS_0027;TemPhD_cluster_15215_CDS_0021;uvig_315197_CDS_0035;MGV-GENOME-0227212_CDS_0019;TemPhD_cluster_52275_CDS_0017;TemPhD_cluster_52275_CDS_0031;TemPhD_cluster_52018_CDS_0020;MGV-GENOME-0230591_CDS_0040;TemPhD_cluster_52091_CDS_0027;MGV-GENOME-0205381_CDS_0035;TemPhD_cluster_52382_CDS_0007;NC_049457.1_CDS_0014;TemPhD_cluster_52262_CDS_0026;TemPhD_cluster_33809_CDS_0030;MGV-GENOME-0230157_CDS_0003	54
TemPhD_cluster_51929	32707	42	42	MGV-GENOME-0230591_CDS_0008;TemPhD_cluster_52209_CDS_0016;TemPhD_cluster_52018_CDS_0025;TemPhD_cluster_38170_CDS_0040;TemPhD_cluster_62958_CDS_0019;TemPhD_cluster_33805_CDS_0023;TemPhD_cluster_37938_CDS_0036;TemPhD_cluster_37904_CDS_0014;TemPhD_cluster_9973_CDS_0030;TemPhD_cluster_51656_CDS_0040;TemPhD_cluster_52222_CDS_0022;TemPhD_cluster_33807_CDS_0026;TemPhD_cluster_33807_CDS_0027;SAMN09781779_a1_ct39878_CDS_0016;NC_022750.1_CDS_0017;TemPhD_cluster_38170_CDS_0007;TemPhD_cluster_28372_CDS_0021;TemPhD_cluster_51656_CDS_0036;TemPhD_cluster_63057_CDS_0001;NC_049461.1_CDS_0018;TemPhD_cluster_28372_CDS_0009;TemPhD_cluster_52382_CDS_0008;TemPhD_cluster_62972_CDS_0030;MGV-GENOME-0232811_CDS_0011;TemPhD_cluster_52155_CDS_0034;TemPhD_cluster_52091_CDS_0005;NC_049457.1_CDS_0018;TemPhD_cluster_52112_CDS_0002;TemPhD_cluster_52112_CDS_0003;TemPhD_cluster_52379_CDS_0032;TemPhD_cluster_63038_CDS_0027;uvig_315197_CDS_0035;MGV-GENOME-0227212_CDS_0019;TemPhD_cluster_52275_CDS_0017;TemPhD_cluster_52275_CDS_0031;TemPhD_cluster_52018_CDS_0020;MGV-GENOME-0230591_CDS_0040;MGV-GENOME-0205381_CDS_0035;TemPhD_cluster_52382_CDS_0007;NC_049457.1_CDS_0014;TemPhD_cluster_33807_CDS_0025;TemPhD_cluster_33809_CDS_0030	55
TemPhD_cluster_38190	30261	42	42	MGV-GENOME-0230591_CDS_0008;TemPhD_cluster_52379_CDS_0025;TemPhD_cluster_52209_CDS_0016;TemPhD_cluster_37825_CDS_0002;TemPhD_cluster_38170_CDS_0040;TemPhD_cluster_28372_CDS_0024;TemPhD_cluster_62958_CDS_0019;TemPhD_cluster_37938_CDS_0036;TemPhD_cluster_37904_CDS_0014;TemPhD_cluster_9973_CDS_0030;TemPhD_cluster_51656_CDS_0040;TemPhD_cluster_33807_CDS_0027;SAMN09781779_a1_ct39878_CDS_0016;NC_022750.1_CDS_0017;TemPhD_cluster_38170_CDS_0007;TemPhD_cluster_28372_CDS_0021;TemPhD_cluster_38190_CDS_0026;TemPhD_cluster_51656_CDS_0036;TemPhD_cluster_63057_CDS_0001;TemPhD_cluster_52382_CDS_0008;TemPhD_cluster_28372_CDS_0009;TemPhD_cluster_62972_CDS_0030;MGV-GENOME-0232811_CDS_0011;TemPhD_cluster_52155_CDS_0034;TemPhD_cluster_52091_CDS_0005;NC_049457.1_CDS_0018;TemPhD_cluster_38190_CDS_0004;TemPhD_cluster_52379_CDS_0032;TemPhD_cluster_63038_CDS_0027;TemPhD_cluster_15215_CDS_0021;uvig_315197_CDS_0035;MGV-GENOME-0227212_CDS_0019;TemPhD_cluster_52275_CDS_0017;TemPhD_cluster_52275_CDS_0031;TemPhD_cluster_52018_CDS_0020;MGV-GENOME-0230591_CDS_0040;TemPhD_cluster_52091_CDS_0027;MGV-GENOME-0205381_CDS_0035;TemPhD_cluster_52382_CDS_0007;NC_049457.1_CDS_0014;TemPhD_cluster_33809_CDS_0030;MGV-GENOME-0230157_CDS_0003	56
TemPhD_cluster_62992	32510	42	42	MGV-GENOME-0230591_CDS_0008;TemPhD_cluster_52209_CDS_0016;TemPhD_cluster_38170_CDS_0040;TemPhD_cluster_62958_CDS_0019;TemPhD_cluster_33805_CDS_0023;TemPhD_cluster_37938_CDS_0036;TemPhD_cluster_37904_CDS_0014;TemPhD_cluster_9973_CDS_0030;TemPhD_cluster_51656_CDS_0040;TemPhD_cluster_52222_CDS_0022;TemPhD_cluster_33807_CDS_0027;SAMN09781779_a1_ct39878_CDS_0016;NC_022750.1_CDS_0017;TemPhD_cluster_38170_CDS_0007;TemPhD_cluster_62992_CDS_0005;TemPhD_cluster_28372_CDS_0021;TemPhD_cluster_51656_CDS_0036;TemPhD_cluster_63057_CDS_0001;TemPhD_cluster_33805_CDS_0024;TemPhD_cluster_28372_CDS_0009;TemPhD_cluster_52382_CDS_0008;TemPhD_cluster_62972_CDS_0030;MGV-GENOME-0232811_CDS_0011;TemPhD_cluster_52155_CDS_0034;TemPhD_cluster_62992_CDS_0006;TemPhD_cluster_52091_CDS_0005;NC_049457.1_CDS_0018;TemPhD_cluster_62992_CDS_0003;TemPhD_cluster_52379_CDS_0032;TemPhD_cluster_63038_CDS_0027;uvig_315197_CDS_0035;TemPhD_cluster_62992_CDS_0004;MGV-GENOME-0227212_CDS_0019;TemPhD_cluster_52275_CDS_0017;TemPhD_cluster_52275_CDS_0031;TemPhD_cluster_52018_CDS_0020;MGV-GENOME-0230591_CDS_0040;MGV-GENOME-0205381_CDS_0035;MGV-GENOME-0230157_CDS_0004;TemPhD_cluster_52382_CDS_0007;NC_049457.1_CDS_0014;TemPhD_cluster_33809_CDS_0030	57
TemPhD_cluster_62953	32714	42	42	MGV-GENOME-0230591_CDS_0008;TemPhD_cluster_52209_CDS_0016;TemPhD_cluster_37825_CDS_0002;TemPhD_cluster_38170_CDS_0040;TemPhD_cluster_62958_CDS_0019;TemPhD_cluster_33805_CDS_0023;TemPhD_cluster_37825_CDS_0005;TemPhD_cluster_37938_CDS_0036;TemPhD_cluster_37904_CDS_0014;TemPhD_cluster_9973_CDS_0030;TemPhD_cluster_51656_CDS_0040;TemPhD_cluster_52222_CDS_0022;TemPhD_cluster_33807_CDS_0027;SAMN09781779_a1_ct39878_CDS_0016;NC_022750.1_CDS_0017;TemPhD_cluster_38170_CDS_0007;TemPhD_cluster_28372_CDS_0021;TemPhD_cluster_51656_CDS_0036;TemPhD_cluster_63057_CDS_0001;TemPhD_cluster_37904_CDS_0005;TemPhD_cluster_52382_CDS_0008;TemPhD_cluster_28372_CDS_0009;TemPhD_cluster_62972_CDS_0030;MGV-GENOME-0232811_CDS_0011;TemPhD_cluster_52155_CDS_0034;TemPhD_cluster_52091_CDS_0005;TemPhD_cluster_62953_CDS_0005;NC_049457.1_CDS_0018;TemPhD_cluster_62953_CDS_0027;TemPhD_cluster_52379_CDS_0032;TemPhD_cluster_63038_CDS_0027;uvig_315197_CDS_0035;MGV-GENOME-0227212_CDS_0019;TemPhD_cluster_52275_CDS_0017;TemPhD_cluster_52275_CDS_0031;TemPhD_cluster_52018_CDS_0020;MGV-GENOME-0230591_CDS_0040;MGV-GENOME-0205381_CDS_0035;TemPhD_cluster_52382_CDS_0007;NC_049457.1_CDS_0014;TemPhD_cluster_33809_CDS_0030;MGV-GENOME-0230157_CDS_0003	58
MGV-GENOME-0230591	33431	43	43	MGV-GENOME-0230591_CDS_0008;TemPhD_cluster_52209_CDS_0016;TemPhD_cluster_37825_CDS_0002;TemPhD_cluster_38170_CDS_0040;TemPhD_cluster_62958_CDS_0019;TemPhD_cluster_33805_CDS_0023;TemPhD_cluster_37938_CDS_0036;TemPhD_cluster_37904_CDS_0014;TemPhD_cluster_51656_CDS_0040;TemPhD_cluster_52222_CDS_0022;TemPhD_cluster_33807_CDS_0027;SAMN09781779_a1_ct39878_CDS_0016;NC_022750.1_CDS_0017;TemPhD_cluster_38170_CDS_0007;TemPhD_cluster_28372_CDS_0021;TemPhD_cluster_51656_CDS_0036;TemPhD_cluster_63057_CDS_0001;NC_004745.1_CDS_0024;MGV-GENOME-0230591_CDS_0033;TemPhD_cluster_37904_CDS_0005;TemPhD_cluster_52382_CDS_0008;TemPhD_cluster_28372_CDS_0009;TemPhD_cluster_62972_CDS_0030;MGV-GENOME-0232811_CDS_0011;TemPhD_cluster_52155_CDS_0034;MGV-GENOME-0230591_CDS_0034;TemPhD_cluster_52091_CDS_0005;NC_049457.1_CDS_0018;TemPhD_cluster_33725_CDS_0003;TemPhD_cluster_52379_CDS_0032;TemPhD_cluster_63038_CDS_0027;uvig_315197_CDS_0035;MGV-GENOME-0227212_CDS_0019;TemPhD_cluster_52275_CDS_0017;TemPhD_cluster_52275_CDS_0031;TemPhD_cluster_52018_CDS_0020;MGV-GENOME-0230591_CDS_0040;MGV-GENOME-0205381_CDS_0035;MGV-GENOME-0230157_CDS_0004;TemPhD_cluster_52382_CDS_0007;NC_049457.1_CDS_0014;TemPhD_cluster_33809_CDS_0030;MGV-GENOME-0230157_CDS_0003	59
MGV-GENOME-0230157	33348	43	43	TemPhD_cluster_52209_CDS_0016;TemPhD_cluster_37825_CDS_0002;TemPhD_cluster_38170_CDS_0040;TemPhD_cluster_62958_CDS_0019;TemPhD_cluster_33805_CDS_0023;TemPhD_cluster_37938_CDS_0036;TemPhD_cluster_37904_CDS_0014;TemPhD_cluster_9973_CDS_0030;TemPhD_cluster_51656_CDS_0040;TemPhD_cluster_52222_CDS_0022;TemPhD_cluster_33807_CDS_0027;SAMN09781779_a1_ct39878_CDS_0016;NC_022750.1_CDS_0017;TemPhD_cluster_38170_CDS_0007;MGV-GENOME-0230157_CDS_0009;TemPhD_cluster_28372_CDS_0021;TemPhD_cluster_51656_CDS_0036;TemPhD_cluster_63057_CDS_0001;NC_004745.1_CDS_0024;TemPhD_cluster_37904_CDS_0005;TemPhD_cluster_52382_CDS_0008;TemPhD_cluster_28372_CDS_0009;TemPhD_cluster_62972_CDS_0030;MGV-GENOME-0232811_CDS_0011;TemPhD_cluster_52155_CDS_0034;TemPhD_cluster_52091_CDS_0005;NC_049457.1_CDS_0018;TemPhD_cluster_33725_CDS_0003;TemPhD_cluster_52379_CDS_0032;TemPhD_cluster_63038_CDS_0027;MGV-GENOME-0230157_CDS_0008;uvig_315197_CDS_0035;MGV-GENOME-0227212_CDS_0019;TemPhD_cluster_52275_CDS_0017;TemPhD_cluster_52275_CDS_0031;TemPhD_cluster_52018_CDS_0020;MGV-GENOME-0230591_CDS_0040;MGV-GENOME-0205381_CDS_0035;MGV-GENOME-0230157_CDS_0004;TemPhD_cluster_52382_CDS_0007;NC_049457.1_CDS_0014;TemPhD_cluster_33809_CDS_0030;MGV-GENOME-0230157_CDS_0003	60
TemPhD_cluster_52091	31959	43	43	MGV-GENOME-0230591_CDS_0008;TemPhD_cluster_52209_CDS_0016;TemPhD_cluster_38170_CDS_0040;TemPhD_cluster_28372_CDS_0024;TemPhD_cluster_62958_CDS_0019;TemPhD_cluster_37938_CDS_0036;TemPhD_cluster_37904_CDS_0014;TemPhD_cluster_9973_CDS_0030;TemPhD_cluster_51656_CDS_0040;TemPhD_cluster_33807_CDS_0027;SAMN09781779_a1_ct39878_CDS_0016;NC_022750.1_CDS_0017;TemPhD_cluster_38170_CDS_0007;TemPhD_cluster_52091_CDS_0002;TemPhD_cluster_28372_CDS_0021;TemPhD_cluster_51656_CDS_0036;TemPhD_cluster_52091_CDS_0003;TemPhD_cluster_63057_CDS_0001;TemPhD_cluster_28372_CDS_0009;TemPhD_cluster_52382_CDS_0008;TemPhD_cluster_52091_CDS_0004;TemPhD_cluster_28372_CDS_0022;MGV-GENOME-0232811_CDS_0011;TemPhD_cluster_62972_CDS_0030;TemPhD_cluster_52155_CDS_0034;TemPhD_cluster_52091_CDS_0005;NC_049457.1_CDS_0018;TemPhD_cluster_52379_CDS_0032;TemPhD_cluster_63038_CDS_0027;TemPhD_cluster_15215_CDS_0021;uvig_315197_CDS_0035;MGV-GENOME-0227212_CDS_0019;TemPhD_cluster_52275_CDS_0017;TemPhD_cluster_52275_CDS_0031;TemPhD_cluster_52018_CDS_0020;MGV-GENOME-0230591_CDS_0040;TemPhD_cluster_52091_CDS_0027;MGV-GENOME-0205381_CDS_0035;TemPhD_cluster_52382_CDS_0007;NC_049457.1_CDS_0014;TemPhD_cluster_51932_CDS_0036;TemPhD_cluster_52262_CDS_0026;TemPhD_cluster_33809_CDS_0030	61
TemPhD_cluster_62972	32643	43	43	MGV-GENOME-0230591_CDS_0008;TemPhD_cluster_9963_CDS_0003;TemPhD_cluster_52209_CDS_0016;TemPhD_cluster_37825_CDS_0002;TemPhD_cluster_52018_CDS_0025;TemPhD_cluster_38170_CDS_0040;TemPhD_cluster_62958_CDS_0019;TemPhD_cluster_33805_CDS_0023;TemPhD_cluster_37938_CDS_0036;TemPhD_cluster_37904_CDS_0014;TemPhD_cluster_9973_CDS_0030;TemPhD_cluster_51656_CDS_0040;TemPhD_cluster_52222_CDS_0022;TemPhD_cluster_9963_CDS_0004;TemPhD_cluster_33807_CDS_0026;TemPhD_cluster_33807_CDS_0027;SAMN09781779_a1_ct39878_CDS_0016;NC_022750.1_CDS_0017;TemPhD_cluster_38170_CDS_0007;TemPhD_cluster_28372_CDS_0021;TemPhD_cluster_51656_CDS_0036;TemPhD_cluster_63057_CDS_0001;TemPhD_cluster_28372_CDS_0009;TemPhD_cluster_52382_CDS_0008;TemPhD_cluster_62972_CDS_0030;MGV-GENOME-0232811_CDS_0011;TemPhD_cluster_52155_CDS_0034;TemPhD_cluster_52091_CDS_0005;NC_049457.1_CDS_0018;TemPhD_cluster_52379_CDS_0032;TemPhD_cluster_63038_CDS_0027;uvig_315197_CDS_0035;MGV-GENOME-0227212_CDS_0019;TemPhD_cluster_52275_CDS_0017;TemPhD_cluster_52275_CDS_0031;TemPhD_cluster_52018_CDS_0020;MGV-GENOME-0230591_CDS_0040;MGV-GENOME-0205381_CDS_0035;SAMN09781779_a1_ct39878_CDS_0021;TemPhD_cluster_52382_CDS_0007;NC_049457.1_CDS_0014;TemPhD_cluster_33807_CDS_0025;TemPhD_cluster_33809_CDS_0030	62
TemPhD_cluster_52379	30679	43	43	MGV-GENOME-0230591_CDS_0008;TemPhD_cluster_52209_CDS_0016;TemPhD_cluster_28392_CDS_0005;TemPhD_cluster_38170_CDS_0040;TemPhD_cluster_52379_CDS_0027;TemPhD_cluster_62958_CDS_0019;TemPhD_cluster_37938_CDS_0036;TemPhD_cluster_37904_CDS_0014;TemPhD_cluster_9973_CDS_0030;TemPhD_cluster_51656_CDS_0040;TemPhD_cluster_33807_CDS_0027;SAMN09781779_a1_ct39878_CDS_0016;NC_022750.1_CDS_0017;TemPhD_cluster_38170_CDS_0007;TemPhD_cluster_28372_CDS_0021;TemPhD_cluster_52379_CDS_0002;TemPhD_cluster_51656_CDS_0036;TemPhD_cluster_28392_CDS_0003;TemPhD_cluster_63057_CDS_0001;TemPhD_cluster_28372_CDS_0009;TemPhD_cluster_52382_CDS_0008;TemPhD_cluster_62972_CDS_0030;MGV-GENOME-0232811_CDS_0011;TemPhD_cluster_52155_CDS_0034;TemPhD_cluster_52091_CDS_0005;NC_049457.1_CDS_0018;TemPhD_cluster_28392_CDS_0004;TemPhD_cluster_52379_CDS_0032;TemPhD_cluster_63038_CDS_0027;TemPhD_cluster_15215_CDS_0021;MGV-GENOME-0216186_CDS_0004;uvig_315197_CDS_0035;MGV-GENOME-0227212_CDS_0019;TemPhD_cluster_52275_CDS_0017;TemPhD_cluster_52275_CDS_0031;TemPhD_cluster_52018_CDS_0020;MGV-GENOME-0230591_CDS_0040;TemPhD_cluster_52091_CDS_0027;MGV-GENOME-0205381_CDS_0035;TemPhD_cluster_52382_CDS_0007;NC_049457.1_CDS_0014;TemPhD_cluster_33809_CDS_0030;TemPhD_cluster_52379_CDS_0025	63
TemPhD_cluster_20685	31961	43	43	MGV-GENOME-0230591_CDS_0008;TemPhD_cluster_52209_CDS_0016;TemPhD_cluster_52018_CDS_0025;TemPhD_cluster_38170_CDS_0040;TemPhD_cluster_62958_CDS_0019;TemPhD_cluster_33805_CDS_0023;TemPhD_cluster_37938_CDS_0036;TemPhD_cluster_37904_CDS_0014;TemPhD_cluster_9973_CDS_0030;TemPhD_cluster_51656_CDS_0040;TemPhD_cluster_52222_CDS_0022;TemPhD_cluster_33807_CDS_0026;TemPhD_cluster_33807_CDS_0027;SAMN09781779_a1_ct39878_CDS_0016;NC_022750.1_CDS_0017;TemPhD_cluster_38170_CDS_0007;TemPhD_cluster_28372_CDS_0021;TemPhD_cluster_51656_CDS_0036;TemPhD_cluster_63057_CDS_0001;TemPhD_cluster_52155_CDS_0002;TemPhD_cluster_52382_CDS_0008;TemPhD_cluster_28372_CDS_0009;TemPhD_cluster_62972_CDS_0030;MGV-GENOME-0232811_CDS_0011;TemPhD_cluster_52155_CDS_0034;TemPhD_cluster_52091_CDS_0005;NC_049457.1_CDS_0018;TemPhD_cluster_52379_CDS_0032;TemPhD_cluster_63038_CDS_0027;TemPhD_cluster_52155_CDS_0003;uvig_315197_CDS_0035;MGV-GENOME-0227212_CDS_0019;TemPhD_cluster_52275_CDS_0017;TemPhD_cluster_52275_CDS_0031;TemPhD_cluster_52018_CDS_0020;MGV-GENOME-0230591_CDS_0040;MGV-GENOME-0205381_CDS_0035;SAMN09781779_a1_ct39878_CDS_0021;TemPhD_cluster_52382_CDS_0007;NC_049457.1_CDS_0014;TemPhD_cluster_33807_CDS_0025;TemPhD_cluster_51932_CDS_0036;TemPhD_cluster_33809_CDS_0030	64
NC_022750.1	33628	43	43	MGV-GENOME-0230591_CDS_0008;TemPhD_cluster_52209_CDS_0016;TemPhD_cluster_38170_CDS_0040;TemPhD_cluster_62958_CDS_0019;TemPhD_cluster_33805_CDS_0023;TemPhD_cluster_37904_CDS_0014;TemPhD_cluster_9973_CDS_0030;TemPhD_cluster_51656_CDS_0040;TemPhD_cluster_52222_CDS_0022;TemPhD_cluster_33807_CDS_0027;SAMN09781779_a1_ct39878_CDS_0016;NC_022750.1_CDS_0017;TemPhD_cluster_38170_CDS_0007;TemPhD_cluster_28372_CDS_0021;NC_022750.1_CDS_0037;TemPhD_cluster_51656_CDS_0036;TemPhD_cluster_63057_CDS_0001;TemPhD_cluster_28372_CDS_0009;TemPhD_cluster_52382_CDS_0008;TemPhD_cluster_62972_CDS_0030;MGV-GENOME-0232811_CDS_0011;TemPhD_cluster_52155_CDS_0034;TemPhD_cluster_52091_CDS_0005;NC_049457.1_CDS_0018;NC_022750.1_CDS_0025;TemPhD_cluster_52379_CDS_0032;TemPhD_cluster_63038_CDS_0027;NC_022750.1_CDS_0004;NC_022750.1_CDS_0002;uvig_315197_CDS_0035;MGV-GENOME-0227212_CDS_0019;TemPhD_cluster_52275_CDS_0017;NC_022750.1_CDS_0036;TemPhD_cluster_52275_CDS_0031;TemPhD_cluster_52018_CDS_0020;NC_022750.1_CDS_0035;MGV-GENOME-0230591_CDS_0040;MGV-GENOME-0205381_CDS_0035;NC_022750.1_CDS_0003;TemPhD_cluster_52382_CDS_0007;NC_049457.1_CDS_0014;TemPhD_cluster_51932_CDS_0036;TemPhD_cluster_33809_CDS_0030	65
SAMN09781779_a1_ct39878	33547	43	43	MGV-GENOME-0230591_CDS_0008;TemPhD_cluster_52209_CDS_0016;TemPhD_cluster_37825_CDS_0002;TemPhD_cluster_38170_CDS_0040;TemPhD_cluster_62958_CDS_0019;TemPhD_cluster_33805_CDS_0023;TemPhD_cluster_37938_CDS_0036;TemPhD_cluster_37904_CDS_0014;TemPhD_cluster_9973_CDS_0030;TemPhD_cluster_51656_CDS_0040;TemPhD_cluster_52222_CDS_0022;TemPhD_cluster_33807_CDS_0027;SAMN09781779_a1_ct39878_CDS_0016;NC_022750.1_CDS_0017;TemPhD_cluster_38170_CDS_0007;TemPhD_cluster_28372_CDS_0021;TemPhD_cluster_51656_CDS_0036;TemPhD_cluster_63057_CDS_0001;TemPhD_cluster_37904_CDS_0005;TemPhD_cluster_52382_CDS_0008;TemPhD_cluster_28372_CDS_0009;TemPhD_cluster_62972_CDS_0030;MGV-GENOME-0232811_CDS_0011;TemPhD_cluster_52155_CDS_0034;TemPhD_cluster_52091_CDS_0005;NC_049457.1_CDS_0018;TemPhD_cluster_33725_CDS_0003;TemPhD_cluster_62953_CDS_0027;TemPhD_cluster_52379_CDS_0032;TemPhD_cluster_63038_CDS_0027;uvig_315197_CDS_0035;MGV-GENOME-0227212_CDS_0019;TemPhD_cluster_52275_CDS_0017;TemPhD_cluster_52275_CDS_0031;TemPhD_cluster_52018_CDS_0020;MGV-GENOME-0230591_CDS_0040;MGV-GENOME-0205381_CDS_0035;SAMN09781779_a1_ct39878_CDS_0021;MGV-GENOME-0230157_CDS_0004;TemPhD_cluster_52382_CDS_0007;NC_049457.1_CDS_0014;TemPhD_cluster_33809_CDS_0030;MGV-GENOME-0230157_CDS_0003	66
TemPhD_cluster_62779	33479	44	44	MGV-GENOME-0230591_CDS_0008;TemPhD_cluster_52209_CDS_0016;TemPhD_cluster_52018_CDS_0025;TemPhD_cluster_38170_CDS_0040;TemPhD_cluster_62958_CDS_0019;TemPhD_cluster_33805_CDS_0023;TemPhD_cluster_37938_CDS_0036;TemPhD_cluster_62779_CDS_0002;TemPhD_cluster_37904_CDS_0014;TemPhD_cluster_9973_CDS_0030;TemPhD_cluster_51656_CDS_0040;TemPhD_cluster_52222_CDS_0022;TemPhD_cluster_33807_CDS_0026;TemPhD_cluster_33807_CDS_0027;SAMN09781779_a1_ct39878_CDS_0016;NC_022750.1_CDS_0017;TemPhD_cluster_38170_CDS_0007;TemPhD_cluster_28372_CDS_0021;TemPhD_cluster_62779_CDS_0005;TemPhD_cluster_62779_CDS_0003;TemPhD_cluster_51656_CDS_0036;TemPhD_cluster_63057_CDS_0001;TemPhD_cluster_28372_CDS_0009;TemPhD_cluster_52382_CDS_0008;TemPhD_cluster_62972_CDS_0030;MGV-GENOME-0232811_CDS_0011;TemPhD_cluster_52155_CDS_0034;TemPhD_cluster_52091_CDS_0005;NC_049457.1_CDS_0018;TemPhD_cluster_62779_CDS_0006;TemPhD_cluster_62779_CDS_0004;TemPhD_cluster_52379_CDS_0032;TemPhD_cluster_63038_CDS_0027;uvig_315197_CDS_0035;MGV-GENOME-0227212_CDS_0019;TemPhD_cluster_52275_CDS_0017;TemPhD_cluster_52275_CDS_0031;TemPhD_cluster_52018_CDS_0020;MGV-GENOME-0230591_CDS_0040;MGV-GENOME-0205381_CDS_0035;TemPhD_cluster_52382_CDS_0007;NC_049457.1_CDS_0014;TemPhD_cluster_33807_CDS_0025;TemPhD_cluster_33809_CDS_0030	67
NC_049457.1	33807	45	45	MGV-GENOME-0230591_CDS_0008;TemPhD_cluster_52209_CDS_0016;TemPhD_cluster_37825_CDS_0002;TemPhD_cluster_38170_CDS_0040;TemPhD_cluster_62958_CDS_0019;TemPhD_cluster_33805_CDS_0023;TemPhD_cluster_37938_CDS_0036;NC_049457.1_CDS_0010;TemPhD_cluster_37904_CDS_0014;TemPhD_cluster_9973_CDS_0030;TemPhD_cluster_51656_CDS_0040;TemPhD_cluster_52222_CDS_0022;TemPhD_cluster_33807_CDS_0027;SAMN09781779_a1_ct39878_CDS_0016;NC_022750.1_CDS_0017;TemPhD_cluster_38170_CDS_0007;TemPhD_cluster_28372_CDS_0021;TemPhD_cluster_51656_CDS_0036;TemPhD_cluster_63057_CDS_0001;NC_049457.1_CDS_0011;TemPhD_cluster_37904_CDS_0005;TemPhD_cluster_52382_CDS_0008;TemPhD_cluster_28372_CDS_0009;TemPhD_cluster_62972_CDS_0030;MGV-GENOME-0232811_CDS_0011;TemPhD_cluster_52155_CDS_0034;TemPhD_cluster_52091_CDS_0005;NC_049457.1_CDS_0018;TemPhD_cluster_33725_CDS_0003;NC_049457.1_CDS_0029;TemPhD_cluster_52379_CDS_0032;TemPhD_cluster_63038_CDS_0027;uvig_315197_CDS_0035;MGV-GENOME-0227212_CDS_0019;TemPhD_cluster_52275_CDS_0017;TemPhD_cluster_52275_CDS_0031;TemPhD_cluster_52018_CDS_0020;MGV-GENOME-0230591_CDS_0040;MGV-GENOME-0205381_CDS_0035;SAMN09781779_a1_ct39878_CDS_0021;MGV-GENOME-0230157_CDS_0004;NC_049457.1_CDS_0014;TemPhD_cluster_51932_CDS_0036;TemPhD_cluster_33809_CDS_0030;MGV-GENOME-0230157_CDS_0003	68
TemPhD_cluster_28392	31217	47	47	MGV-GENOME-0230591_CDS_0008;TemPhD_cluster_52209_CDS_0016;TemPhD_cluster_28392_CDS_0005;TemPhD_cluster_38170_CDS_0040;TemPhD_cluster_28372_CDS_0024;TemPhD_cluster_62958_CDS_0019;TemPhD_cluster_37938_CDS_0036;TemPhD_cluster_37904_CDS_0014;TemPhD_cluster_9973_CDS_0030;TemPhD_cluster_51656_CDS_0040;TemPhD_cluster_33807_CDS_0027;SAMN09781779_a1_ct39878_CDS_0016;NC_022750.1_CDS_0017;TemPhD_cluster_38170_CDS_0007;TemPhD_cluster_28372_CDS_0021;TemPhD_cluster_38190_CDS_0026;TemPhD_cluster_51656_CDS_0036;TemPhD_cluster_28392_CDS_0003;TemPhD_cluster_63057_CDS_0001;TemPhD_cluster_28392_CDS_0035;TemPhD_cluster_28392_CDS_0002;TemPhD_cluster_28372_CDS_0009;TemPhD_cluster_52382_CDS_0008;TemPhD_cluster_62972_CDS_0030;MGV-GENOME-0232811_CDS_0011;TemPhD_cluster_52155_CDS_0034;TemPhD_cluster_52091_CDS_0005;NC_049457.1_CDS_0018;TemPhD_cluster_28392_CDS_0004;TemPhD_cluster_28392_CDS_0007;TemPhD_cluster_52379_CDS_0032;TemPhD_cluster_63038_CDS_0027;TemPhD_cluster_15215_CDS_0021;MGV-GENOME-0216186_CDS_0004;uvig_315197_CDS_0035;TemPhD_cluster_28392_CDS_0036;MGV-GENOME-0227212_CDS_0019;TemPhD_cluster_52275_CDS_0017;TemPhD_cluster_52275_CDS_0031;TemPhD_cluster_52018_CDS_0020;MGV-GENOME-0230591_CDS_0040;TemPhD_cluster_52091_CDS_0027;MGV-GENOME-0205381_CDS_0035;TemPhD_cluster_52382_CDS_0007;NC_049457.1_CDS_0014;TemPhD_cluster_51932_CDS_0036;TemPhD_cluster_52379_CDS_0025	69
